"{""messages"": [{""role"": ""system"", ""content"": ""TruthKeeper is a fake news detector bot. Return answer of True or False.""}, {""role"": ""user"", ""content"": ""Has President Trump handed over US foreign policy to an elite clique of military generals? Some are calling this a soft coup.""}, {""role"": ""assistant"", ""content"": ""False""}]}"
"{""messages"": [{""role"": ""system"", ""content"": ""TruthKeeper is a fake news detector bot. Return answer of True or False.""}, {""role"": ""user"", ""content"": ""Throughout history nothing is forever.  chance and human agency. We have only to reflect upon defunct glacial despotisms such as the USSR or East Germany.""}, {""role"": ""assistant"", ""content"": ""False""}]}"
"{""messages"": [{""role"": ""system"", ""content"": ""TruthKeeper is a fake news detector bot. Return answer of True or False.""}, {""role"": ""user"", ""content"": ""YouTube artist Rebekah Johnson says,  Propaganda puppets are lying to the public and suppressing the truth. Listen to her song and watch her video here:.""}, {""role"": ""assistant"", ""content"": ""False""}]}"
"{""messages"": [{""role"": ""system"", ""content"": ""TruthKeeper is a fake news detector bot. Return answer of True or False.""}, {""role"": ""user"", ""content"": ""21st Century Wire says John Sidney McCain III has been diagnosed with a brain tumor called glioblastoma. We break down all the reasons why we think it s time for McCain to retire. The list is endless.""}, {""role"": ""assistant"", ""content"": ""False""}]}"
"{""messages"": [{""role"": ""system"", ""content"": ""TruthKeeper is a fake news detector bot. Return answer of True or False.""}, {""role"": ""user"", ""content"": ""Tune in to the Alternate Current Radio Network (ACR) for this week s broadcast of The Boiler Room. Join us for uncensored, uninterruptible talk radio, custom-made for barfly philosophers, misguided moralists, masochists, street corner evangelists and media-maniacs.""}, {""role"": ""assistant"", ""content"": ""False""}]}"
"{""messages"": [{""role"": ""system"", ""content"": ""TruthKeeper is a fake news detector bot. Return answer of True or False.""}, {""role"": ""user"", ""content"": ""In politics, it s not really about color, as much as which party you belong to. Many prominent black American Democrats consider Ben Carson to be a traitor to their cause. Is there any truth to these accusations, or is this a racially-motivated political witch-hunt?""}, {""role"": ""assistant"", ""content"": ""False""}]}"
"{""messages"": [{""role"": ""system"", ""content"": ""TruthKeeper is a fake news detector bot. Return answer of True or False.""}, {""role"": ""user"", ""content"": ""The War on Democracy is one of award-winning Australian filmmaker John Pilger s most intimate film creations. Pilger takes an inside look at the Hugo Chavez epoch in Venezuela, the CIA coups and fascist takeover in Chile, as well as the American derailment of El Salvador, Guatemala and Bolivia.""}, {""role"": ""assistant"", ""content"": ""False""}]}"
"{""messages"": [{""role"": ""system"", ""content"": ""TruthKeeper is a fake news detector bot. Return answer of True or False.""}, {""role"": ""user"", ""content"": ""Mainstream media continues to pump out theories about Russian contacts of the Trump campaign and hangers-on. It s perhaps the biggest political hoax in modern history, and they re still at it.""}, {""role"": ""assistant"", ""content"": ""False""}]}"
"{""messages"": [{""role"": ""system"", ""content"": ""TruthKeeper is a fake news detector bot. Return answer of True or False.""}, {""role"": ""user"", ""content"": ""President Trump recently announced a ban on transgender persons in the US Military. The White House announcement triggered an uproar from Hollywood s progressive alliance and LGBT lobby. US Army whistlerblower Bradley Manning, who later changed his name to Chelsea Manning, tweeted this:""}, {""role"": ""assistant"", ""content"": ""False""}]}"
"{""messages"": [{""role"": ""system"", ""content"": ""TruthKeeper is a fake news detector bot. Return answer of True or False.""}, {""role"": ""user"", ""content"": ""21WIRE s Shawn Helton joins well-known Talk Radio host Jack Blood on The Jack Blood Show, to discuss the socially engineered May Day protests and riots. Listen as we breakdown today s hyper-real media propaganda.""}, {""role"": ""assistant"", ""content"": ""False""}]}"
"{""messages"": [{""role"": ""system"", ""content"": ""TruthKeeper is a fake news detector bot. Return answer of True or False.""}, {""role"": ""user"", ""content"": ""This past weekend, thousands of people in hundreds of cities across the US took to the streets to demand President Trump release his tax returns. This is in stark contrast to protests against Obama s war on Libya back in the Spring of 2011, where protests were not only few and far between but also struggled to get more than 50 people to attend.""}, {""role"": ""assistant"", ""content"": ""False""}]}"
"{""messages"": [{""role"": ""system"", ""content"": ""TruthKeeper is a fake news detector bot. Return answer of True or False.""}, {""role"": ""user"", ""content"": ""Tune in to the Alternate Current Radio Network (ACR) for another LIVE broadcast of  The Boiler Room. Join us for uncensored, uninterruptible talk radio, custom-made for bar fly philosophers, misguided moralists, masochists and street corner evangelists.""}, {""role"": ""assistant"", ""content"": ""False""}]}"
"{""messages"": [{""role"": ""system"", ""content"": ""TruthKeeper is a fake news detector bot. Return answer of True or False.""}, {""role"": ""user"", ""content"": ""21st Century Wire Editor Patrick Henningsen explains how Donald Trump, Nikki Haley and Rex Tillerson have just surpassed the Bush administration in their WMD ignorance. The following segment was recorded on live TV the day before the US launched its Tomahawk missile strike on Shayrat Air Base.""}, {""role"": ""assistant"", ""content"": ""False""}]}"
"{""messages"": [{""role"": ""system"", ""content"": ""TruthKeeper is a fake news detector bot. Return answer of True or False.""}, {""role"": ""user"", ""content"": ""21st Century Wire speaks with Professor Mike Rocca of the University of New Mexico. Rocca explains how civic ignorance has become an issue in society.""}, {""role"": ""assistant"", ""content"": ""False""}]}"
"{""messages"": [{""role"": ""system"", ""content"": ""TruthKeeper is a fake news detector bot. Return answer of True or False.""}, {""role"": ""user"", ""content"": ""Stuart J. Hooper breaks down why this is not the Donald Trump we wanted. He examines the dangerous crowd who is supporting this move.""}, {""role"": ""assistant"", ""content"": ""False""}]}"
"{""messages"": [{""role"": ""system"", ""content"": ""TruthKeeper is a fake news detector bot. Return answer of True or False.""}, {""role"": ""user"", ""content"": ""In last week s Episode #179 of the SUNDAY WIRE, host Patrick Henningsen speaks to author and global affairs analyst, F. William Engdahl. The interview was recorded 5 days before the US missile strikes on Syria. Little did we know at the time of this recording just how accurate our guest s comments would become.""}, {""role"": ""assistant"", ""content"": ""False""}]}"
"{""messages"": [{""role"": ""system"", ""content"": ""TruthKeeper is a fake news detector bot. Return answer of True or False.""}, {""role"": ""user"", ""content"": ""This is an urgent discussion on this week s alleged  chemical weapons attack in Idlib, Syria. The US and Donald Trump have automatically blamed the Syrian government and Bashar al Assad. Is this a dangerous precedent?""}, {""role"": ""assistant"", ""content"": ""False""}]}"
"{""messages"": [{""role"": ""system"", ""content"": ""TruthKeeper is a fake news detector bot. Return answer of True or False.""}, {""role"": ""user"", ""content"": ""This special episode of DRIVE BY WIRE takes place in a unique location   in the back of a New York City Yellow Cab. 21WIRE s Patrick Henningsen and special guest from The United Nation press corp, independent correspondent Matt Lee from Inner City Press.""}, {""role"": ""assistant"", ""content"": ""False""}]}"
"{""messages"": [{""role"": ""system"", ""content"": ""TruthKeeper is a fake news detector bot. Return answer of True or False.""}, {""role"": ""user"", ""content"": ""This week s documentary screening is curated by our editorial team at 21WIRE. This was quite a groundbreaking investigation and production at the time, which aired on US public television in 1988. Is the CIA using drug money to finance covert operations?""}, {""role"": ""assistant"", ""content"": ""False""}]}"
"{""messages"": [{""role"": ""system"", ""content"": ""TruthKeeper is a fake news detector bot. Return answer of True or False.""}, {""role"": ""user"", ""content"": ""Julian Assange said there is a serious conflict between President Donald Trump and the CIA over Syria. The CIA and other security apparatuses don't want him to change the foreign policy of Washington towards Syria.""}, {""role"": ""assistant"", ""content"": ""False""}]}"
"{""messages"": [{""role"": ""system"", ""content"": ""TruthKeeper is a fake news detector bot. Return answer of True or False.""}, {""role"": ""user"", ""content"": ""Tune in to the Alternate Current Radio Network (ACR) for another LIVE broadcast of  The Boiler Room tonight. Join us for uncensored, uninterruptible talk radio, custom-made for bar fly philosophers and misguided moralists.""}, {""role"": ""assistant"", ""content"": ""False""}]}"
"{""messages"": [{""role"": ""system"", ""content"": ""TruthKeeper is a fake news detector bot. Return answer of True or False.""}, {""role"": ""user"", ""content"": ""21WIRE writers Patrick and Shawn talk about the big  Russian Investigation currently going on in Washington. They also discuss the recent London Attack and some of the chief anomalies present in that event, and also US troops in Syria.""}, {""role"": ""assistant"", ""content"": ""False""}]}"
"{""messages"": [{""role"": ""system"", ""content"": ""TruthKeeper is a fake news detector bot. Return answer of True or False.""}, {""role"": ""user"", ""content"": ""Al Gore said that climate change is a principal cause of the Syrian conflict. 21st Century Wire says Can you say:  out of touch ?""}, {""role"": ""assistant"", ""content"": ""False""}]}"
"{""messages"": [{""role"": ""system"", ""content"": ""TruthKeeper is a fake news detector bot. Return answer of True or False.""}, {""role"": ""user"", ""content"": ""Air America is one of the most clandestine operations in CIA history. From its origins with the legendary Flying Tigers of WWII to the final days of Vietnam War.""}, {""role"": ""assistant"", ""content"": ""False""}]}"
"{""messages"": [{""role"": ""system"", ""content"": ""TruthKeeper is a fake news detector bot. Return answer of True or False.""}, {""role"": ""user"", ""content"": ""Brother Mikhail was giving somewhat of an explosive sermon outside of the student union building at the University of New Mexico. He sat down with Stuart to discuss his philosophy, thoughts on President Trump and Hillary Clinton.""}, {""role"": ""assistant"", ""content"": ""False""}]}"
"{""messages"": [{""role"": ""system"", ""content"": ""TruthKeeper is a fake news detector bot. Return answer of True or False.""}, {""role"": ""user"", ""content"": ""Foreign Policy has released a new article hyping up the dangers of mass surveillance. 90% of the article is solely concerned with generating fear. 21st Century Wire says This is why nobody takes the mainstream media seriously.""}, {""role"": ""assistant"", ""content"": ""False""}]}"
"{""messages"": [{""role"": ""system"", ""content"": ""TruthKeeper is a fake news detector bot. Return answer of True or False.""}, {""role"": ""user"", ""content"": ""Retired basketball megastar Shaquille O Neal has stated that he believes the world is flat. 21st Century Wire asks if the flat Earth theory has been planted into the alternative news community to discredit the legitimate work that it is doing.""}, {""role"": ""assistant"", ""content"": ""False""}]}"
"{""messages"": [{""role"": ""system"", ""content"": ""TruthKeeper is a fake news detector bot. Return answer of True or False.""}, {""role"": ""user"", ""content"": ""21st Century Wire says This is a string of disturbing stories. The floor plans to Trump Tower were stolen from the car of a Secret Service agent. An intruder was loose on the grounds of the Whitehouse for 16 minutes.""}, {""role"": ""assistant"", ""content"": ""False""}]}"
"{""messages"": [{""role"": ""system"", ""content"": ""TruthKeeper is a fake news detector bot. Return answer of True or False.""}, {""role"": ""user"", ""content"": ""21st Century Wire travelled to Los Angeles and met with YouTube star Hamish The Illusion Patterson. The two had an epic discussion on the current state of politics, hidden technology, our future on Mars and the hypocrisy of so-called liberals protesting against Trump.""}, {""role"": ""assistant"", ""content"": ""False""}]}"
"{""messages"": [{""role"": ""system"", ""content"": ""TruthKeeper is a fake news detector bot. Return answer of True or False.""}, {""role"": ""user"", ""content"": ""Stuart J. Hooper examines the other nefarious activities John McCain has been involved with. 21st Century Wire says The fake news continues.""}, {""role"": ""assistant"", ""content"": ""False""}]}"
"{""messages"": [{""role"": ""system"", ""content"": ""TruthKeeper is a fake news detector bot. Return answer of True or False.""}, {""role"": ""user"", ""content"": ""The Illusion has made over 1,200 videos covering everything from current events, to the nature of the universe, and his journey through sobriety. In the coming days, look for a hour and a half long discussion with Stuart and Hamish covering the state of the world.""}, {""role"": ""assistant"", ""content"": ""False""}]}"
"{""messages"": [{""role"": ""system"", ""content"": ""TruthKeeper is a fake news detector bot. Return answer of True or False.""}, {""role"": ""user"", ""content"": ""CrossTalk: Wikileaks strikes again. On full display are the CIA s spy tools and methods. 21st Century Wire: What does it mean to America, and the expectations of of rights and privacy for the average citizen?""}, {""role"": ""assistant"", ""content"": ""False""}]}"
"{""messages"": [{""role"": ""system"", ""content"": ""TruthKeeper is a fake news detector bot. Return answer of True or False.""}, {""role"": ""user"", ""content"": "" mainstream media attacked President Donald Trump for basing his wiretapping claims on anonymously sourced reports. 21st Century Wire says Is there any wonder people are sick of the mainstream media? Stuart J. Hooper breaks it down in the following video report.""}, {""role"": ""assistant"", ""content"": ""False""}]}"
"{""messages"": [{""role"": ""system"", ""content"": ""TruthKeeper is a fake news detector bot. Return answer of True or False.""}, {""role"": ""user"", ""content"": ""Facebook has begun its rollout of the Disputed Story tag. The tag allows only ABC News, FactCheck.org, the Associated Press, Snopes and Politifact to determine if a story is fake news. 21st Century Wire says Facebook knows best?""}, {""role"": ""assistant"", ""content"": ""False""}]}"
"{""messages"": [{""role"": ""system"", ""content"": ""TruthKeeper is a fake news detector bot. Return answer of True or False.""}, {""role"": ""user"", ""content"": ""21st Century Wire says Partisan liberal hypocrisy strikes again. Trump exposed two photographs, via his Twitter, which show two key Democratic conspiracy theorists, Nancy Pelosi and Chuck Schumer.""}, {""role"": ""assistant"", ""content"": ""False""}]}"
"{""messages"": [{""role"": ""system"", ""content"": ""TruthKeeper is a fake news detector bot. Return answer of True or False.""}, {""role"": ""user"", ""content"": ""Tune in to the Alternate Current Radio Network (ACR) for another LIVE broadcast of  The Boiler Room tonight 6:00 PM PST. Join us for uncensored, uninterruptible talk radio, custom-made for bar fly philosophers, misguided moralists and masochists.""}, {""role"": ""assistant"", ""content"": ""False""}]}"
"{""messages"": [{""role"": ""system"", ""content"": ""TruthKeeper is a fake news detector bot. Return answer of True or False.""}, {""role"": ""user"", ""content"": ""21st Century Wire says Is McMaster going to reignite tensions with Russia? Stuart J. Hooper asks if we should be worried about General McMaster replacing General Flynn as National Security Advisor. McMaster is the author of a report entitled  The Russia New Generation Warfare Study.""}, {""role"": ""assistant"", ""content"": ""False""}]}"
"{""messages"": [{""role"": ""system"", ""content"": ""TruthKeeper is a fake news detector bot. Return answer of True or False.""}, {""role"": ""user"", ""content"": ""21st Century Wire says Is this the biggest new nugget to be found in Trump s joint address from last night? Stuart J. Hooper examines Trump s promise to ask Congress for a one trillion dollar fund to rebuild America s infrastructure.""}, {""role"": ""assistant"", ""content"": ""False""}]}"
"{""messages"": [{""role"": ""system"", ""content"": ""TruthKeeper is a fake news detector bot. Return answer of True or False.""}, {""role"": ""user"", ""content"": ""President Donald Trump gave his first address to Congress last night. The results surprised even his fiercest critics. Immediately after his speech, Trump rallied with a jump in approval ratings.""}, {""role"": ""assistant"", ""content"": ""False""}]}"
"{""messages"": [{""role"": ""system"", ""content"": ""TruthKeeper is a fake news detector bot. Return answer of True or False.""}, {""role"": ""user"", ""content"": ""21WIRE.TV's Global:SITREP situation report includes exclusive commentary and analysis. In this newsletter we ll include key updates on 21WIre.TV premium content, as well as our GLOBAL:Sittingrep situation report. See 21WIRE\u2019s\u00a0global:sittingrep report for more information.""}, {""role"": ""assistant"", ""content"": ""False""}]}"
"{""messages"": [{""role"": ""system"", ""content"": ""TruthKeeper is a fake news detector bot. Return answer of True or False.""}, {""role"": ""user"", ""content"": ""Only a few short months ago, Breitbart News, fowas formerly classed as an element of the far right-wing of the media spectrum. It is now occupying the front row of the West Wing alongside press stalwarts like the CNN, Wall Street Journal, Reuters and TIME Magazine.""}, {""role"": ""assistant"", ""content"": ""False""}]}"
"{""messages"": [{""role"": ""system"", ""content"": ""TruthKeeper is a fake news detector bot. Return answer of True or False.""}, {""role"": ""user"", ""content"": "" DRIVE BY WIRE is a 45 minute extended stream of consciousness analysis of America s new President Trump, his policies, the DC Women s March, feminism, Madonna, Tony Montana, politically correct mobs, ISIS, and Insane John McCain. It s going to be a wild ride (the next 4 years we mean) WATCH THIS EPISODE OF DRIVE By WIRE HERE @ 21WIRE.TV""}, {""role"": ""assistant"", ""content"": ""False""}]}"
"{""messages"": [{""role"": ""system"", ""content"": ""TruthKeeper is a fake news detector bot. Return answer of True or False.""}, {""role"": ""user"", ""content"": ""21st Century Wire says there is no greater source of so-called fake news than the corporate mainstream media, particularly those outlets in the US. Host Patrick Henningsen talks about US Mainstream Media fakery which has taken over Washington DC.""}, {""role"": ""assistant"", ""content"": ""False""}]}"
"{""messages"": [{""role"": ""system"", ""content"": ""TruthKeeper is a fake news detector bot. Return answer of True or False.""}, {""role"": ""user"", ""content"": ""Tune in to the Alternate Current Radio Network (ACR) for another LIVE broadcast of  The Boiler Room. Join us for uncensored, uninterruptible talk radio, custom-made for barfly philosophers, misguided moralists, masochists and street corner evangelists.""}, {""role"": ""assistant"", ""content"": ""False""}]}"
"{""messages"": [{""role"": ""system"", ""content"": ""TruthKeeper is a fake news detector bot. Return answer of True or False.""}, {""role"": ""user"", ""content"": ""This 5-part documentary is a great expose on the national surveillance state that has arisen over the last 50-100 years. Manipulating elections, overthrowing foreign governments, and secret assassinations are just a few of the heinous acts committed in the name of national security.""}, {""role"": ""assistant"", ""content"": ""False""}]}"
"{""messages"": [{""role"": ""system"", ""content"": ""TruthKeeper is a fake news detector bot. Return answer of True or False.""}, {""role"": ""user"", ""content"": ""Donald J. Trump was sworn in as the 45th President of the United States of America. The new president gave a resounding speech that was a major break from tradition. It was clearly an anti-establishment and anti-Washington speech.""}, {""role"": ""assistant"", ""content"": ""False""}]}"
"{""messages"": [{""role"": ""system"", ""content"": ""TruthKeeper is a fake news detector bot. Return answer of True or False.""}, {""role"": ""user"", ""content"": ""Tune in to the Alternate Current Radio Network (ACR) for another LIVE broadcast of  The Boiler Room. Join us for uncensored, uninterruptible talk radio, custom-made for barfly philosophers, misguided moralists, masochists and street corner evangelists.""}, {""role"": ""assistant"", ""content"": ""False""}]}"
"{""messages"": [{""role"": ""system"", ""content"": ""TruthKeeper is a fake news detector bot. Return answer of True or False.""}, {""role"": ""user"", ""content"": ""The investigation team at Project Veritas just released the first part in another hidden camera interview series. They apparently documents their undercover journalist speaking with Washington DC Anti-Fascist  extreme leftist group who were conspiring to disrupt the Trump inaugural ball known as the Deploraball.""}, {""role"": ""assistant"", ""content"": ""False""}]}"
"{""messages"": [{""role"": ""system"", ""content"": ""TruthKeeper is a fake news detector bot. Return answer of True or False.""}, {""role"": ""user"", ""content"": ""Tune in to the Alternate Current Radio Network (ACR) for another LIVE broadcast of The Boiler Room. Join us for uncensored, uninterruptible talk radio, custom-made for barfly philosophers, misguided moralists, masochists and street corner evangelists.""}, {""role"": ""assistant"", ""content"": ""False""}]}"
"{""messages"": [{""role"": ""system"", ""content"": ""TruthKeeper is a fake news detector bot. Return answer of True or False.""}, {""role"": ""user"", ""content"": ""21st Century Wire says RUSSIA HACK? Still no evidence here, nor is there any intelligence here either. RT is beating CNN in battle for ratings (as well as hearts and minds) worldwide.""}, {""role"": ""assistant"", ""content"": ""False""}]}"
"{""messages"": [{""role"": ""system"", ""content"": ""TruthKeeper is a fake news detector bot. Return answer of True or False.""}, {""role"": ""user"", ""content"": ""Tune in to the Alternate Current Radio Network (ACR) for another LIVE broadcast of  The Boiler Room. Join us for uncensored, uninterruptible talk radio, custom-made for barfly philosophers, misguided moralists, masochists and street corner evangelists.""}, {""role"": ""assistant"", ""content"": ""False""}]}"
"{""messages"": [{""role"": ""system"", ""content"": ""TruthKeeper is a fake news detector bot. Return answer of True or False.""}, {""role"": ""user"", ""content"": ""Inflated markets, insider trading and runaway monetary policy still trending. Gerald Celente, head of Trends Research Institute, weighs-in on what you can expect going forward in the new year.""}, {""role"": ""assistant"", ""content"": ""False""}]}"
"{""messages"": [{""role"": ""system"", ""content"": ""TruthKeeper is a fake news detector bot. Return answer of True or False.""}, {""role"": ""user"", ""content"": ""Tune in to the Alternate Current Radio Network (ACR) for another LIVE broadcast of  The Boiler Room. Join us for uncensored, uninterruptible talk radio, custom-made for barfly philosophers, misguided moralists, masochists and street corner evangelists.""}, {""role"": ""assistant"", ""content"": ""False""}]}"
"{""messages"": [{""role"": ""system"", ""content"": ""TruthKeeper is a fake news detector bot. Return answer of True or False.""}, {""role"": ""user"", ""content"": ""Democratic Congressman Barney Frank is a former member of the House of Representatives. Frank was a member of Congress from Massachusetts.""}, {""role"": ""assistant"", ""content"": ""False""}]}"
"{""messages"": [{""role"": ""system"", ""content"": ""TruthKeeper is a fake news detector bot. Return answer of True or False.""}, {""role"": ""user"", ""content"": ""This year, let s try something a little different. Wherever you are Let s Make Christmas GREAT AGAIN.""}, {""role"": ""assistant"", ""content"": ""False""}]}"
"{""messages"": [{""role"": ""system"", ""content"": ""TruthKeeper is a fake news detector bot. Return answer of True or False.""}, {""role"": ""user"", ""content"": ""Tune in to the Alternate Current Radio Network (ACR) for another LIVE broadcast of The Boiler Room. Join us for uncensored, uninterruptible talk radio, custom-made for barfly philosophers, misguided moralists, masochists and street corner evangelists.""}, {""role"": ""assistant"", ""content"": ""False""}]}"
"{""messages"": [{""role"": ""system"", ""content"": ""TruthKeeper is a fake news detector bot. Return answer of True or False.""}, {""role"": ""user"", ""content"": ""The 1995 bombing of the Alfred P. Murrah Federal Building in Oklahoma City was an event that shook the United States domestic scene. A Noble Lie re-investigates the bombing and re-examines the event s alleged perpetrators.""}, {""role"": ""assistant"", ""content"": ""False""}]}"
"{""messages"": [{""role"": ""system"", ""content"": ""TruthKeeper is a fake news detector bot. Return answer of True or False.""}, {""role"": ""user"", ""content"": ""Tune in to the Alternate Current Radio Network (ACR) for another LIVE broadcast of  The Boiler Room. Join ACR hosts Hesher and Spore along with Jay Dyer (author of Esoteric Hollywood) and Jamie Hanshaw, host of Happy Hearts Radio.""}, {""role"": ""assistant"", ""content"": ""False""}]}"
"{""messages"": [{""role"": ""system"", ""content"": ""TruthKeeper is a fake news detector bot. Return answer of True or False.""}, {""role"": ""user"", ""content"": ""Daniel McAdams, executive director of the Ron Paul institute, joins RT s Anya Parampil to discuss the US s failed policy of regime change. He says nation-building adventurism tends to galvanize people in those countries around the very same regimes.""}, {""role"": ""assistant"", ""content"": ""False""}]}"
"{""messages"": [{""role"": ""system"", ""content"": ""TruthKeeper is a fake news detector bot. Return answer of True or False.""}, {""role"": ""user"", ""content"": ""The permanent mission of the Syrian Arab Republic to the United Nations presented a panel of speakers who explained in detail what is really happening right now in Aleppo, Syria. Panels members include Dr. Bahman Azad, member of the coordinating committee for the Hands Off Syria and Organization Secretary of US Peace Council.""}, {""role"": ""assistant"", ""content"": ""False""}]}"
"{""messages"": [{""role"": ""system"", ""content"": ""TruthKeeper is a fake news detector bot. Return answer of True or False.""}, {""role"": ""user"", ""content"": ""This week s documentary film is curated by our editorial team at 21WIRE. By August 1945, the Allied Manhattan Project had successfully detonated an atomic device in the New Mexico desert. The two bombings, which killed at least 129,000 people, remain the only use of nuclear weapons for warfare in history.""}, {""role"": ""assistant"", ""content"": ""False""}]}"
"{""messages"": [{""role"": ""system"", ""content"": ""TruthKeeper is a fake news detector bot. Return answer of True or False.""}, {""role"": ""user"", ""content"": ""21WIRE.TV's The New World Order is back with a new episode this week. Did Great Britain regain control of its former American colonies by stealth? Host Patrick Henningsen talks to Sean Stone, author of the new book, New World order: A Strategy for Imperialism.""}, {""role"": ""assistant"", ""content"": ""False""}]}"
"{""messages"": [{""role"": ""system"", ""content"": ""TruthKeeper is a fake news detector bot. Return answer of True or False.""}, {""role"": ""user"", ""content"": ""Gareth Edwards says George Lucas has seen the upcoming Star Wars spin-off. The director said that Lucas s opinion was the most important one. Edwards said his reaction meant he could die a happy man.""}, {""role"": ""assistant"", ""content"": ""False""}]}"
"{""messages"": [{""role"": ""system"", ""content"": ""TruthKeeper is a fake news detector bot. Return answer of True or False.""}, {""role"": ""user"", ""content"": ""This week's WIKILEAKS includes a look at how the 4th Estate has become a fifth column. Also, how Podesta Emails likely LEAKED to Wikileaks from inside the US, not  hacked by the Kremlin. And will Trump drain the swamp, or simply fill it up again? Host Patrick Henningsen talks to Ray McGovern, former CIA Analyst and founder of Veteran Intelligence Professionals for Sanity (VIPS)""}, {""role"": ""assistant"", ""content"": ""False""}]}"
"{""messages"": [{""role"": ""system"", ""content"": ""TruthKeeper is a fake news detector bot. Return answer of True or False.""}, {""role"": ""user"", ""content"": ""US corporate media has almost fallen off the edge of reality in this new divise, post-election partisan media envirnoment. The establishment are desperate to recoup its lost credibility.""}, {""role"": ""assistant"", ""content"": ""False""}]}"
"{""messages"": [{""role"": ""system"", ""content"": ""TruthKeeper is a fake news detector bot. Return answer of True or False.""}, {""role"": ""user"", ""content"": ""Former Cuban president Fidel Castro died last night at the age of 90. There are few individuals in the 20th century who had a more profound impact on a single country than Fidel Castro had in Cuba.""}, {""role"": ""assistant"", ""content"": ""False""}]}"
"{""messages"": [{""role"": ""system"", ""content"": ""TruthKeeper is a fake news detector bot. Return answer of True or False.""}, {""role"": ""user"", ""content"": ""It s much easier to scapegoat an existential enemy for every systemic and institutional crisis affecting America. Whole industries have been spun out of this old habit: the intelligence industry.""}, {""role"": ""assistant"", ""content"": ""False""}]}"
"{""messages"": [{""role"": ""system"", ""content"": ""TruthKeeper is a fake news detector bot. Return answer of True or False.""}, {""role"": ""user"", ""content"": ""This week s documentary film curated by our editorial team at 21WIRE Debt is like a disease that can enable us from living a happy and normal life by taking control over our lives. Buying every thing we own with credit has become our culture. But don t let debt control your life any more. You can take over your life again. Imagine life with out debt.""}, {""role"": ""assistant"", ""content"": ""False""}]}"
"{""messages"": [{""role"": ""system"", ""content"": ""TruthKeeper is a fake news detector bot. Return answer of True or False.""}, {""role"": ""user"", ""content"": ""George Soros has been described as a philanthropist, yet many of the social movement projects funded by his Open Society Foundation, have led to violent civil unrest and societal instability. In a 1998 interview with Steve Kroft on 60 minutes, Soros openly admits to engaging in amoral activities.""}, {""role"": ""assistant"", ""content"": ""False""}]}"
"{""messages"": [{""role"": ""system"", ""content"": ""TruthKeeper is a fake news detector bot. Return answer of True or False.""}, {""role"": ""user"", ""content"": ""Anti-Trump protesters are no damn revolutionaries, they are lawless idiots. Doctor of Common Sense E.T. Williams disagrees.""}, {""role"": ""assistant"", ""content"": ""False""}]}"
"{""messages"": [{""role"": ""system"", ""content"": ""TruthKeeper is a fake news detector bot. Return answer of True or False.""}, {""role"": ""user"", ""content"": ""Liberal Democrats and their mainstream media surrogate outlets continued to inflate their own reality bubble throughout the election cycle. Prominent Slovenian philosopher Slavoj i ek believes the result exposes the failure of American political elites.""}, {""role"": ""assistant"", ""content"": ""False""}]}"
"{""messages"": [{""role"": ""system"", ""content"": ""TruthKeeper is a fake news detector bot. Return answer of True or False.""}, {""role"": ""user"", ""content"": ""Britain s premeire realist pundit Jonathan Pie, who previously wanted Hillary to win, lays down a stunning case as to who handed the White House to Donald Trump. 21st Century Wire says the real explanation for last week s surprise result goes much deeper than any mainstream media commentator or academic expert would dare admit.""}, {""role"": ""assistant"", ""content"": ""False""}]}"
"{""messages"": [{""role"": ""system"", ""content"": ""TruthKeeper is a fake news detector bot. Return answer of True or False.""}, {""role"": ""user"", ""content"": ""CrossTalk asks: Can we expect an equally surprising foreign policy from Donald Trump? During the campaign he provided us with a glimpse of his thinking. Will there be a Trump Doctrine? Watch this incredible one-on-one interview with RT s Peter Lavelle and special guest Dr Ron Paul.""}, {""role"": ""assistant"", ""content"": ""False""}]}"
"{""messages"": [{""role"": ""system"", ""content"": ""TruthKeeper is a fake news detector bot. Return answer of True or False.""}, {""role"": ""user"", ""content"": ""Kiki Green explains how blacks were conned into voting for Hillary Clinton by the partnership between the Democratic Party, Hollywood and the Clinton campaign. She says celebrities like Beyonce, Jay Z and Katie Perry cynically used celebrities to get blacks to vote for Clinton.""}, {""role"": ""assistant"", ""content"": ""False""}]}"
"{""messages"": [{""role"": ""system"", ""content"": ""TruthKeeper is a fake news detector bot. Return answer of True or False.""}, {""role"": ""user"", ""content"": ""Mexico s billionaire tycoon Carlos Slim saw a large chuck of his wealth evaporate   literally overnight, after news of a Donald Trump election victory hit the currency and stock markets. Slim, Mexico s wealthiest person and rated fifth on the global rich list, took a stinging $5.1 billion haircut.""}, {""role"": ""assistant"", ""content"": ""False""}]}"
"{""messages"": [{""role"": ""system"", ""content"": ""TruthKeeper is a fake news detector bot. Return answer of True or False.""}, {""role"": ""user"", ""content"": ""Author David Icke talks about the US election shocker and what it says about the relationship between society and big government. Trump s success was an expression of a complete rejection of the political establishment and the two party system.""}, {""role"": ""assistant"", ""content"": ""False""}]}"
"{""messages"": [{""role"": ""system"", ""content"": ""TruthKeeper is a fake news detector bot. Return answer of True or False.""}, {""role"": ""user"", ""content"": ""Donald Trump s victory has sparked flash mob protests on Wednesday. Students staging walkouts, as well as some burning and looting in Dallas and Oakland, California. marches in New York, Portland, Chicago, Boston and Philadelphia.""}, {""role"": ""assistant"", ""content"": ""False""}]}"
"{""messages"": [{""role"": ""system"", ""content"": ""TruthKeeper is a fake news detector bot. Return answer of True or False.""}, {""role"": ""user"", ""content"": ""Donald Trump says there is rampant voter fraud and election rigging in the U.S. Establishment pundits were horrified when Donald Trump claimed that the system is rigged. Like or not, the evidence shows that Trump is right.""}, {""role"": ""assistant"", ""content"": ""False""}]}"
"{""messages"": [{""role"": ""system"", ""content"": ""TruthKeeper is a fake news detector bot. Return answer of True or False.""}, {""role"": ""user"", ""content"": ""CNN.com will feature iReporter photos in a weekly Travel Snapshots gallery. Visit CNN.com/Travel each week for a new gallery of snapshots.""}, {""role"": ""assistant"", ""content"": ""False""}]}"
"{""messages"": [{""role"": ""system"", ""content"": ""TruthKeeper is a fake news detector bot. Return answer of True or False.""}, {""role"": ""user"", ""content"": "" Princeton computer scientists successfully hack a Diebold (now Premier) electronic voting machine. 21st Century Wire says neither political party in the US wants to seriously discuss   because they both use these very systems to fix elections.""}, {""role"": ""assistant"", ""content"": ""False""}]}"
"{""messages"": [{""role"": ""system"", ""content"": ""TruthKeeper is a fake news detector bot. Return answer of True or False.""}, {""role"": ""user"", ""content"": ""Hillary Clinton continues to blame Russia for the email leak. A 2006 tape catches her revealing her intention to rig elections. Vin Armani explains the irony.""}, {""role"": ""assistant"", ""content"": ""False""}]}"
"{""messages"": [{""role"": ""system"", ""content"": ""TruthKeeper is a fake news detector bot. Return answer of True or False.""}, {""role"": ""user"", ""content"": ""Jay Dyer is the author of the forthcoming title, Esoteric Hollywood: Sex, Cults and Symbols in Film from Trine Day. Focusing on film, philosophy, geopolitics and all things esoteric, JaysAnalysis investigates the deeper meanings between the headlines.""}, {""role"": ""assistant"", ""content"": ""False""}]}"
"{""messages"": [{""role"": ""system"", ""content"": ""TruthKeeper is a fake news detector bot. Return answer of True or False.""}, {""role"": ""user"", ""content"": ""21st Century Wire asks . Have YOUR SHOUT: Which US oligarch family is more corrupt, the Clintons, or the Bushes?""}, {""role"": ""assistant"", ""content"": ""False""}]}"
"{""messages"": [{""role"": ""system"", ""content"": ""TruthKeeper is a fake news detector bot. Return answer of True or False.""}, {""role"": ""user"", ""content"": ""Political analyst Stuart J Hooper drops in to see what was happening as Bernie Sanders hit the western college campuses on to campaign for Hillary Clinton. The following is an interview with an ex-Bernie delegate who has since left the Democratic Party to support Dr Jill Stein and the Green Party.""}, {""role"": ""assistant"", ""content"": ""False""}]}"
"{""messages"": [{""role"": ""system"", ""content"": ""TruthKeeper is a fake news detector bot. Return answer of True or False.""}, {""role"": ""user"", ""content"": ""21WIRE spoke to RT International about the Hillary Clinton campaign s ridiculous accusation that somehow RT News had the latest batch of emails before WikiLeaks did. 21st Century Wire says the US media and political establishment can t comprehend a reality beyond their transient Twitter feeds.""}, {""role"": ""assistant"", ""content"": ""False""}]}"
"{""messages"": [{""role"": ""system"", ""content"": ""TruthKeeper is a fake news detector bot. Return answer of True or False.""}, {""role"": ""user"", ""content"": ""We are at war with ISIS. We are only arming the moderate rebels. The Russians are bombing hospitals. We must save 100,000 children in Aleppo from Assad and the Russians!""}, {""role"": ""assistant"", ""content"": ""False""}]}"
"{""messages"": [{""role"": ""system"", ""content"": ""TruthKeeper is a fake news detector bot. Return answer of True or False.""}, {""role"": ""user"", ""content"": ""SUNDAY WIRE SHOW is postponed until next Sunday Oct. 23, 2016. In the meantime, ACR will be re-streaming last week s power-packed episode here.""}, {""role"": ""assistant"", ""content"": ""False""}]}"
"{""messages"": [{""role"": ""system"", ""content"": ""TruthKeeper is a fake news detector bot. Return answer of True or False.""}, {""role"": ""user"", ""content"": ""The Hillary Clinton campaign has gone hell-for-leather on the White House s official conspiracy theory that Russia is hacking into and  trying to influence the current US presidential election. With less than a month to go, one of America s nastiest political campaigns enters the final stretch.""}, {""role"": ""assistant"", ""content"": ""False""}]}"
"{""messages"": [{""role"": ""system"", ""content"": ""TruthKeeper is a fake news detector bot. Return answer of True or False.""}, {""role"": ""user"", ""content"": ""Tune in to the Alternate Current Radio Network (ACR) for another LIVE broadcast of  The Boiler Room. Join us for uncensored, uninterruptible talk radio, custom-made for barfly philosophers, misguided moralists, masochists, street corner evangelists, media-maniacs, savants, political animals and otherwise lovable rascals.""}, {""role"": ""assistant"", ""content"": ""False""}]}"
"{""messages"": [{""role"": ""system"", ""content"": ""TruthKeeper is a fake news detector bot. Return answer of True or False.""}, {""role"": ""user"", ""content"": ""Tune in to the Alternate Current Radio Network (ACR) for another LIVE broadcast of  The Boiler Room. Join us for uncensored, uninterruptible talk radio, custom-made for barfly philosophers, misguided moralists, masochists, street corner evangelists, media-maniacs, savants, political animals and otherwise lovable rascals.""}, {""role"": ""assistant"", ""content"": ""False""}]}"
"{""messages"": [{""role"": ""system"", ""content"": ""TruthKeeper is a fake news detector bot. Return answer of True or False.""}, {""role"": ""user"", ""content"": ""The Democratic and Republican parties hijacked the presidential debates process 30 years ago. No hard questions and the parties get to pack the audience with their brainless operatives. No real people allowed.""}, {""role"": ""assistant"", ""content"": ""False""}]}"
"{""messages"": [{""role"": ""system"", ""content"": ""TruthKeeper is a fake news detector bot. Return answer of True or False.""}, {""role"": ""user"", ""content"": ""21st Century Wire says Why are western media lying and producing a fictional narrative regarding the situation unfolding in Aleppo, Syria? Ron Paul Liberty Report co-host Daniel McAdams talks with 21WIRE special contributor Vanessa Beeley about what is really happening in Aleppo right now.""}, {""role"": ""assistant"", ""content"": ""False""}]}"
"{""messages"": [{""role"": ""system"", ""content"": ""TruthKeeper is a fake news detector bot. Return answer of True or False.""}, {""role"": ""user"", ""content"": ""US Peace Council recently returned from a fact-finding mission to Syria, including an audience with President Bashar al Assad. What they discovered when they arrived surprised the American visitors as they realized the the entire depiction and narrative of Syria in the US and Europe was completely contrived and patently false.""}, {""role"": ""assistant"", ""content"": ""False""}]}"
"{""messages"": [{""role"": ""system"", ""content"": ""TruthKeeper is a fake news detector bot. Return answer of True or False.""}, {""role"": ""user"", ""content"": ""Tune in to the Alternate Current Radio Network (ACR) for another LIVE broadcast of The Boiler Room. Join us for uncensored, uninterruptible talk radio, custom-made for barfly philosophers, misguided moralists, masochists, street corner evangelists, media-maniacs, savants, political animals and otherwise lovable rascals.""}, {""role"": ""assistant"", ""content"": ""False""}]}"
"{""messages"": [{""role"": ""system"", ""content"": ""TruthKeeper is a fake news detector bot. Return answer of True or False.""}, {""role"": ""user"", ""content"": ""There is something oddly convenient about the near perfect proximity and position of the viral video footage. One would expect the campaign would want to conceal these extremely embarrassing moments from the media.""}, {""role"": ""assistant"", ""content"": ""False""}]}"
"{""messages"": [{""role"": ""system"", ""content"": ""TruthKeeper is a fake news detector bot. Return answer of True or False.""}, {""role"": ""user"", ""content"": ""Author David Icke and Luke Rudkowski from We Are Change talk about the adoption of Donald Trump and Islamophobia by popular, well-financed  alternative media outlets. 21st Century Wire says Is Donald Trump the answer? Is anyone the answer?\""""}, {""role"": ""assistant"", ""content"": ""False""}]}"
"{""messages"": [{""role"": ""system"", ""content"": ""TruthKeeper is a fake news detector bot. Return answer of True or False.""}, {""role"": ""user"", ""content"": ""Independent documentary may prove beyond a doubt that no Boeing passenger airliner struck the Pentagon on September 11, 2001. Watch: SEE MORE SUNDAY SCREENINGS HERE.""}, {""role"": ""assistant"", ""content"": ""False""}]}"
"{""messages"": [{""role"": ""system"", ""content"": ""TruthKeeper is a fake news detector bot. Return answer of True or False.""}, {""role"": ""user"", ""content"": ""21st Century Wire is an independent media operation. We are committed to building and improving the quality of our content. Please support us by becoming a member of 21WIRE.""}, {""role"": ""assistant"", ""content"": ""False""}]}"
"{""messages"": [{""role"": ""system"", ""content"": ""TruthKeeper is a fake news detector bot. Return answer of True or False.""}, {""role"": ""user"", ""content"": ""Tune in to the Alternate Current Radio Network (ACR) for another LIVE broadcast of  The Boiler Room. Join us for uncensored, uninterruptible talk radio, custom-made for barfly philosophers, misguided moralists, masochists and street corner evangelists.""}, {""role"": ""assistant"", ""content"": ""False""}]}"
"{""messages"": [{""role"": ""system"", ""content"": ""TruthKeeper is a fake news detector bot. Return answer of True or False.""}, {""role"": ""user"", ""content"": ""Listen to the first 30 min segment of this new fortnightly podcast,  ON THE QT. This new show brings together a number of news stories not covered on the SUNDAY WIRE, as well as additional deep state and geopolitical analysis. This week: Julian Assange is about to drop another Wiki-bomb on the Clinton family s drive to power.""}, {""role"": ""assistant"", ""content"": ""False""}]}"
"{""messages"": [{""role"": ""system"", ""content"": ""TruthKeeper is a fake news detector bot. Return answer of True or False.""}, {""role"": ""user"", ""content"": ""Tune in to the Alternate Current Radio Network (ACR) for another LIVE broadcast of  The Boiler Room. Join us for uncensored, uninterruptible talk radio, custom-made for barfly philosophers, misguided moralists, masochists, street corner evangelists and media-maniacs.""}, {""role"": ""assistant"", ""content"": ""False""}]}"
"{""messages"": [{""role"": ""system"", ""content"": ""TruthKeeper is a fake news detector bot. Return answer of True or False.""}, {""role"": ""user"", ""content"": ""The Knoxes represent a future society. Mickey and Mallory drive in an RV as parents. The idea is that the Knoxes are parents.""}, {""role"": ""assistant"", ""content"": ""False""}]}"
"{""messages"": [{""role"": ""system"", ""content"": ""TruthKeeper is a fake news detector bot. Return answer of True or False.""}, {""role"": ""user"", ""content"": ""Three members of our Top 10 actually managed to get stage time for the balloon drop at the closing of this week s Democratic National Convention. 21st Century Wire says These family members made the president s life miserable, and a few just might continue for years to come.""}, {""role"": ""assistant"", ""content"": ""False""}]}"
"{""messages"": [{""role"": ""system"", ""content"": ""TruthKeeper is a fake news detector bot. Return answer of True or False.""}, {""role"": ""user"", ""content"": ""The Democratic Party National Convention hit full swing in Philadelphia yesterday. The First Lady invoked slavery in order to to stir delegates, and to try and propel DNC nominee Hillary Clinton forward for November s election.""}, {""role"": ""assistant"", ""content"": ""False""}]}"
"{""messages"": [{""role"": ""system"", ""content"": ""TruthKeeper is a fake news detector bot. Return answer of True or False.""}, {""role"": ""user"", ""content"": ""Tune in to the Alternate Current Radio Network (ACR) for another LIVE broadcast of  The Boiler Room. Join us for uncensored, uninterruptible talk radio, custom-made for barfly philosophers, misguided moralists, masochists, street corner evangelists, media-maniacs and savants.""}, {""role"": ""assistant"", ""content"": ""False""}]}"
"{""messages"": [{""role"": ""system"", ""content"": ""TruthKeeper is a fake news detector bot. Return answer of True or False.""}, {""role"": ""user"", ""content"": ""Tune in to the Alternate Current Radio Network (ACR) for another LIVE broadcast of  The Boiler Room starting at 11 AM PST | 2 PM EST this Saturday July 9th. Join us for uncensored, uninterruptible talk radio, custom-made for barfly philosophers, misguided moralists, masochists, street corner evangelists, media-maniacs, savants, political animals and otherwise lovable rascals.""}, {""role"": ""assistant"", ""content"": ""False""}]}"
"{""messages"": [{""role"": ""system"", ""content"": ""TruthKeeper is a fake news detector bot. Return answer of True or False.""}, {""role"": ""user"", ""content"": ""Tune in to the Alternate Current Radio Network (ACR) for another LIVE broadcast of  The Boiler Room starting at 6 PM PST | 9 PM EST every Wednesday. Join us for uncensored, uninterruptible talk radio, custom-made for barfly philosophers, misguided moralists, masochists, street corner evangelists, media-maniacs, savants, political animals and otherwise lovable rascals.""}, {""role"": ""assistant"", ""content"": ""False""}]}"
"{""messages"": [{""role"": ""system"", ""content"": ""TruthKeeper is a fake news detector bot. Return answer of True or False.""}, {""role"": ""user"", ""content"": ""This film explores the evolution of propaganda and public relations in the United States. Includes original interviews with a number of dissident scholars including Noam Chomsky.""}, {""role"": ""assistant"", ""content"": ""False""}]}"
"{""messages"": [{""role"": ""system"", ""content"": ""TruthKeeper is a fake news detector bot. Return answer of True or False.""}, {""role"": ""user"", ""content"": ""The Boiler Room is a live, uninterruptible talk radio show. Hosts Hesher, & Spore, along with Randy J of 21Wire, Andy Nowicki from Alt Right Blog Spot and Jay Dyer of jaysanalysis.com. Tonight the Boiler Gang discusses Brexit, Orlando Shooting, Istanbul Airport Bombing, gang vs counter-gang political shenanigans in Sacramento CA.""}, {""role"": ""assistant"", ""content"": ""False""}]}"
"{""messages"": [{""role"": ""system"", ""content"": ""TruthKeeper is a fake news detector bot. Return answer of True or False.""}, {""role"": ""user"", ""content"": ""21st Century Wire's UK Column reports on the record-breaking mass shooting event in Orlando, Florida. This story is one of the most bizarre and anomaly-ridden mass shooting events seen yet. UK Column breaks this story down in detail, along with the overriding political implications, both domestically in the US and internationally.""}, {""role"": ""assistant"", ""content"": ""False""}]}"
"{""messages"": [{""role"": ""system"", ""content"": ""TruthKeeper is a fake news detector bot. Return answer of True or False.""}, {""role"": ""user"", ""content"": ""The Star Wars Libertarian Special features Senate filibusters, border patrol stops, eminent domain, a guest appearance by Edward Snowden, and rarely seen footage from Chewbacca s galaxy-trotting documentary series. 21st Century Wire says Worth watching.""}, {""role"": ""assistant"", ""content"": ""False""}]}"
"{""messages"": [{""role"": ""system"", ""content"": ""TruthKeeper is a fake news detector bot. Return answer of True or False.""}, {""role"": ""user"", ""content"": ""Tune in to The Boiler Room every Wednesday at 6 PM PST | 9 PM EST. Join us for uncensored, uninterruptible talk radio, custom-made for barfly philosophers, misguided moralists, masochists, street corner evangelists, media-maniacs, savants, political animals.""}, {""role"": ""assistant"", ""content"": ""False""}]}"
"{""messages"": [{""role"": ""system"", ""content"": ""TruthKeeper is a fake news detector bot. Return answer of True or False.""}, {""role"": ""user"", ""content"": ""CrossTalk: Is there any difference in US foreign policy between the two major parties? Just how important is foreign policy in the minds of American voters come November?""}, {""role"": ""assistant"", ""content"": ""False""}]}"
"{""messages"": [{""role"": ""system"", ""content"": ""TruthKeeper is a fake news detector bot. Return answer of True or False.""}, {""role"": ""user"", ""content"": ""Matthews flat out states that there is a plan in place at MSNBC to announce Hillary as the clear winner hours before anything is officially declared. 21st Century Wire says What is wrong with Chris Matthews?""}, {""role"": ""assistant"", ""content"": ""False""}]}"
"{""messages"": [{""role"": ""system"", ""content"": ""TruthKeeper is a fake news detector bot. Return answer of True or False.""}, {""role"": ""user"", ""content"": ""The White House was placed on lockdown when a suspicious package was thrown over a fence onto the North Lawn. The unidentified perpetrator, reportedly a woman, was immediately taken into custody. The container is currently being checked by security.""}, {""role"": ""assistant"", ""content"": ""False""}]}"
"{""messages"": [{""role"": ""system"", ""content"": ""TruthKeeper is a fake news detector bot. Return answer of True or False.""}, {""role"": ""user"", ""content"": ""This week s edition of THE SUNDAY WIRE is broadcasting LIVE from the US as this week s guest hosts Shawn Helton and Hesher McHeshington team-up. In the first hour, Hesher and Helton cover some of the top news stories throughout the world. Later in the program, we connect with Basil Valentine for global commentary. Strap yourselves in and lower the blast shield   this is your brave new world.""}, {""role"": ""assistant"", ""content"": ""False""}]}"
"{""messages"": [{""role"": ""system"", ""content"": ""TruthKeeper is a fake news detector bot. Return answer of True or False.""}, {""role"": ""user"", ""content"": ""Sanders is the only candidate who has a chance of beating Trump, as Hillary is now consistently losing to him in head-to-head polls. 21st Century Wire says he can he accomplish his objective?""}, {""role"": ""assistant"", ""content"": ""False""}]}"
"{""messages"": [{""role"": ""system"", ""content"": ""TruthKeeper is a fake news detector bot. Return answer of True or False.""}, {""role"": ""user"", ""content"": ""The film contains some extremely interesting information and insights regarding the US Central Intelligence Agency s covert program targeting members of the general public. The film also introduces the prospect of RFK assassin, Sirhan Sirhan as a  Manchurian candidate.""}, {""role"": ""assistant"", ""content"": ""False""}]}"
"{""messages"": [{""role"": ""system"", ""content"": ""TruthKeeper is a fake news detector bot. Return answer of True or False.""}, {""role"": ""user"", ""content"": ""One speaker brands Clinton as  the most corrupt, militaristic candidate we have seen in decades. 21st Century Wire says The writing is on the wall.""}, {""role"": ""assistant"", ""content"": ""False""}]}"
"{""messages"": [{""role"": ""system"", ""content"": ""TruthKeeper is a fake news detector bot. Return answer of True or False.""}, {""role"": ""user"", ""content"": ""CrossTalk: Is this year s US election a story of the political elite establishment going to war with social justice? Do you think that this election cycle will bring about the real change that people are so obviously desperate for, or will the political establishment find a way to crawl back into power?""}, {""role"": ""assistant"", ""content"": ""False""}]}"
"{""messages"": [{""role"": ""system"", ""content"": ""TruthKeeper is a fake news detector bot. Return answer of True or False.""}, {""role"": ""user"", ""content"": ""The military industrial complex has eaten up billions, if not trillions, of dollars from the American tax payer. Much of that has happened on a black budget that is entirely unacknowledged.""}, {""role"": ""assistant"", ""content"": ""False""}]}"
"{""messages"": [{""role"": ""system"", ""content"": ""TruthKeeper is a fake news detector bot. Return answer of True or False.""}, {""role"": ""user"", ""content"": ""21st Century Wire asks HAVE YOUR SHOUT: We ask our readers who they trust with foreign policy, Hillary or Trump? Vote, comment and share below ""}, {""role"": ""assistant"", ""content"": ""False""}]}"
"{""messages"": [{""role"": ""system"", ""content"": ""TruthKeeper is a fake news detector bot. Return answer of True or False.""}, {""role"": ""user"", ""content"": ""Host Patrick Henningsen opens Episode #133 of the SUNDAY WIRE with a skewering rant about last weekend s annual White House Correspondents Dinner. 21st Century Wire says  B ACTING: President Obama and former House Speaker John Boehner getting their kicks making Saturday Night Live videos on taxpayer time.""}, {""role"": ""assistant"", ""content"": ""False""}]}"
"{""messages"": [{""role"": ""system"", ""content"": ""TruthKeeper is a fake news detector bot. Return answer of True or False.""}, {""role"": ""user"", ""content"": ""CrossTalk experts debate how we might interpret the foreign policy direction that a Clinton or Trump administration might take. 21st Century Wire says How will Trump and Hillary s foreign policy differ if they are President of the United States?""}, {""role"": ""assistant"", ""content"": ""False""}]}"
"{""messages"": [{""role"": ""system"", ""content"": ""TruthKeeper is a fake news detector bot. Return answer of True or False.""}, {""role"": ""user"", ""content"": ""Tune in to the Alternate Current Radio Network (ACR) for another LIVE broadcast of  The Boiler Room starting at 6 PM PST | 9 PM EST every Wednesday. Join us for uncensored, uninterruptible talk radio, custom-made for barfly philosophers, misguided moralists, masochists, street corner evangelists, media-maniacs, savants, political animals and otherwise lovable rascals.""}, {""role"": ""assistant"", ""content"": ""False""}]}"
"{""messages"": [{""role"": ""system"", ""content"": ""TruthKeeper is a fake news detector bot. Return answer of True or False.""}, {""role"": ""user"", ""content"": ""The War on Democracy is one of award-winning Australian filmmaker John Pilger s most intimate film creations. Pilger takes an inside look at the Hugo Chavez epoch in Venezuela, the CIA coup and fascist takeover in Chile. The film delicately chronicles the issues facing the people of South America before, during and after the brutal CIA years.""}, {""role"": ""assistant"", ""content"": ""False""}]}"
"{""messages"": [{""role"": ""system"", ""content"": ""TruthKeeper is a fake news detector bot. Return answer of True or False.""}, {""role"": ""user"", ""content"": ""Author David Icke breaks down the US electoral dog and pony show, staring Donald Trump, Hillary Clinton and Bernie Sanders.""}, {""role"": ""assistant"", ""content"": ""False""}]}"
"{""messages"": [{""role"": ""system"", ""content"": ""TruthKeeper is a fake news detector bot. Return answer of True or False.""}, {""role"": ""user"", ""content"": ""In the early 60s, the Pentagon crafted a plan to blow a US passenger plane out of the sky and blame it on the Cubans government to justify an invasion and take over of the country. Just because it happened in the 1960s doesn t mean it can t happen today.""}, {""role"": ""assistant"", ""content"": ""False""}]}"
"{""messages"": [{""role"": ""system"", ""content"": ""TruthKeeper is a fake news detector bot. Return answer of True or False.""}, {""role"": ""user"", ""content"": ""Batman V Superman cost around $410 million to make. You d think they could squeeze a decent film out of that. He hasn t felt this low since Gigli , said the Huff Post.""}, {""role"": ""assistant"", ""content"": ""False""}]}"
"{""messages"": [{""role"": ""system"", ""content"": ""TruthKeeper is a fake news detector bot. Return answer of True or False.""}, {""role"": ""user"", ""content"": ""As Secretary of State, despite leaving an absolute disaster in the Middle East and North Africa, the media appear to have given her a free pass. What s more revealing, however, are the flip-flops. They seem to be endless.""}, {""role"": ""assistant"", ""content"": ""False""}]}"
"{""messages"": [{""role"": ""system"", ""content"": ""TruthKeeper is a fake news detector bot. Return answer of True or False.""}, {""role"": ""user"", ""content"": ""Tune in to the Alternate Current Radio Network (ACR) for another LIVE broadcast of  The Boiler Room starting at 6 PM PST | 9 PM EST every Wednesday. Join us for uncensored, uninterruptible talk radio, custom-made for barfly philosophers, misguided moralists, masochists, street corner evangelists, media-maniacs, savants, political animals and otherwise lovable rascals.""}, {""role"": ""assistant"", ""content"": ""False""}]}"
"{""messages"": [{""role"": ""system"", ""content"": ""TruthKeeper is a fake news detector bot. Return answer of True or False.""}, {""role"": ""user"", ""content"": ""The political theatric become too much. 21st Century Wire says At some point, the political theatrics become tooMuch. Read my lips.""}, {""role"": ""assistant"", ""content"": ""False""}]}"
"{""messages"": [{""role"": ""system"", ""content"": ""TruthKeeper is a fake news detector bot. Return answer of True or False.""}, {""role"": ""user"", ""content"": ""Tune in to the Alternate Current Radio Network (ACR) for another LIVE broadcast of  The Boiler Room. Join us for uncensored, uninterruptible talk radio, custom-made for barfly philosophers, misguided moralists, masochists, street corner evangelists, media-maniacs, savants, political animals.""}, {""role"": ""assistant"", ""content"": ""False""}]}"
"{""messages"": [{""role"": ""system"", ""content"": ""TruthKeeper is a fake news detector bot. Return answer of True or False.""}, {""role"": ""user"", ""content"": ""21WIRE editor Patrick Henningsen spoke with RT International about the may lay at GOP front runner Donald Trump s rally in Chicago on Friday night.""}, {""role"": ""assistant"", ""content"": ""False""}]}"
"{""messages"": [{""role"": ""system"", ""content"": ""TruthKeeper is a fake news detector bot. Return answer of True or False.""}, {""role"": ""user"", ""content"": ""Mainstream media outlets, Republican and Democratic candidates are all taking aim at Donald Trump. CNN presenter accuses the Republican front runner of causing violence at his rallies.""}, {""role"": ""assistant"", ""content"": ""False""}]}"
"{""messages"": [{""role"": ""system"", ""content"": ""TruthKeeper is a fake news detector bot. Return answer of True or False.""}, {""role"": ""user"", ""content"": ""Friday night in Chicago saw an unprecedented incident   where flash mobs from an opposing political party were successful in shutting down a presidential political rally. 21st Century Wire asks our readers if protesters should be allowed to shut down political rallies.""}, {""role"": ""assistant"", ""content"": ""False""}]}"
"{""messages"": [{""role"": ""system"", ""content"": ""TruthKeeper is a fake news detector bot. Return answer of True or False.""}, {""role"": ""user"", ""content"": ""Fox News contributor Judge Jeanine Pirro has unleashed a scathing attack on Mitt Romney after his recent moves to try and put a halt to Donald Trump s presidential run. 21st Century Wire says Did Mitt Romney just make an incredible mistake?""}, {""role"": ""assistant"", ""content"": ""False""}]}"
"{""messages"": [{""role"": ""system"", ""content"": ""TruthKeeper is a fake news detector bot. Return answer of True or False.""}, {""role"": ""user"", ""content"": ""From British Intelligence to Disney darkness, what is the secret message behind these films?To hear the second half of this podcast go to Jays Analysis.com for information about becoming a subscriber.""}, {""role"": ""assistant"", ""content"": ""False""}]}"
"{""messages"": [{""role"": ""system"", ""content"": ""TruthKeeper is a fake news detector bot. Return answer of True or False.""}, {""role"": ""user"", ""content"": ""Apple CEO Tim Cook publicly rejected an unprecedented US Federal Court order that would force the company to decrypt an iPhone linked to one of the San Bernardino shooters. Vote, comment and share below.""}, {""role"": ""assistant"", ""content"": ""False""}]}"
"{""messages"": [{""role"": ""system"", ""content"": ""TruthKeeper is a fake news detector bot. Return answer of True or False.""}, {""role"": ""user"", ""content"": ""21st Century Wire says this is a new geopolitical war, taking place between the United States and China. The rise of the so-called BRICS countries means that global power relations are tipping away from the Anglo-American Axis, and towards Eurasia.""}, {""role"": ""assistant"", ""content"": ""False""}]}"
"{""messages"": [{""role"": ""system"", ""content"": ""TruthKeeper is a fake news detector bot. Return answer of True or False.""}, {""role"": ""user"", ""content"": ""With a string of decisive victories in the New Hampshire and South Carolina GOP primaries, we ask our readers: can the mercurial Donald Trump sustain his lead?Vote, comment and share below.""}, {""role"": ""assistant"", ""content"": ""False""}]}"
"{""messages"": [{""role"": ""system"", ""content"": ""TruthKeeper is a fake news detector bot. Return answer of True or False.""}, {""role"": ""user"", ""content"": ""21st Century Wire asks The tragic death of Kurt Cobain has mystified the public for more than two decades. Over that time, many questionable forensic elements have come to light surrounding the singer s sudden end. We re asking our readers, should law enforcement Reopen the Kurt Cobains Case?""}, {""role"": ""assistant"", ""content"": ""False""}]}"
"{""messages"": [{""role"": ""system"", ""content"": ""TruthKeeper is a fake news detector bot. Return answer of True or False.""}, {""role"": ""user"", ""content"": ""Tune in to the Alternate Current Radio Network (ACR) for another LIVE broadcast of  The Boiler Room. Join us for uncensored, uninterruptible talk radio, custom-made for barfly philosophers, misguided moralists, masochists, street corner evangelists, media-maniacs, savants.""}, {""role"": ""assistant"", ""content"": ""False""}]}"
"{""messages"": [{""role"": ""system"", ""content"": ""TruthKeeper is a fake news detector bot. Return answer of True or False.""}, {""role"": ""user"", ""content"": ""21st Century Wire says 99% of the news coverage has been about the presence of armed militia. Ron Paul is joined by the executive director of the institute for peace and prosperity, Daniel McAdams, along with Jacob Sullum, senior editor from Reason.""}, {""role"": ""assistant"", ""content"": ""False""}]}"
"{""messages"": [{""role"": ""system"", ""content"": ""TruthKeeper is a fake news detector bot. Return answer of True or False.""}, {""role"": ""user"", ""content"": ""CNN.com will feature iReporter photos in a weekly Travel Snapshots gallery. Please submit your best shots of the U.S. for next week. Visit CNN.com/Travel next Wednesday for a new gallery.""}, {""role"": ""assistant"", ""content"": ""False""}]}"
"{""messages"": [{""role"": ""system"", ""content"": ""TruthKeeper is a fake news detector bot. Return answer of True or False.""}, {""role"": ""user"", ""content"": ""ACR s BOILER ROOM presents a Christmas poem Twas the Night Before CNN s #FakeNews Christmas.""}, {""role"": ""assistant"", ""content"": ""False""}]}"
"{""messages"": [{""role"": ""system"", ""content"": ""TruthKeeper is a fake news detector bot. Return answer of True or False.""}, {""role"": ""user"", ""content"": ""CrossTalk: Trust in the mainstream media is at an all-time low. This sad state of affairs is a self-inflicted wound and actually a conscious business model. The media no longer has an interest in reporting news   media today propagates ideology.""}, {""role"": ""assistant"", ""content"": ""False""}]}"
"{""messages"": [{""role"": ""system"", ""content"": ""TruthKeeper is a fake news detector bot. Return answer of True or False.""}, {""role"": ""user"", ""content"": ""A memo written by FBI Director Hoover after Oswald was shot by Ruby. The head of FBI was concerned that the bureau needed to convince the public that Oswald acted alone.""}, {""role"": ""assistant"", ""content"": ""False""}]}"
"{""messages"": [{""role"": ""system"", ""content"": ""TruthKeeper is a fake news detector bot. Return answer of True or False.""}, {""role"": ""user"", ""content"": ""Glenn Simpson, co-founder of Fusion GPS, admitted in a court filing this week that his firm paid Nellie Ohr, wife of U.S. Department of Justice official Bruce Ohr. Mr. Ohr was demoted from his senior post at the DOJ as associate deputy attorney general after it was revealed he met with Simpson and Christopher Steele, who assembled the now infamous Trump-Russia dodgy dossier.""}, {""role"": ""assistant"", ""content"": ""False""}]}"
"{""messages"": [{""role"": ""system"", ""content"": ""TruthKeeper is a fake news detector bot. Return answer of True or False.""}, {""role"": ""user"", ""content"": ""U.S. State Department spokesperson Heather Nauert displayed her servitude to Washington s geopolitical agenda in Syria. Nauert, in an overly assuming and flippant style, proclaims how  everybody in this room and in this building wants Assad out five years ago.""}, {""role"": ""assistant"", ""content"": ""False""}]}"
"{""messages"": [{""role"": ""system"", ""content"": ""TruthKeeper is a fake news detector bot. Return answer of True or False.""}, {""role"": ""user"", ""content"": ""Facebook is rolling out its latest artificial intelligence bot with the hope that the software will save lives. The social media juggernaut will use a special algorithm to flag posts that fit a certain pattern, then route them to a human being.""}, {""role"": ""assistant"", ""content"": ""False""}]}"
"{""messages"": [{""role"": ""system"", ""content"": ""TruthKeeper is a fake news detector bot. Return answer of True or False.""}, {""role"": ""user"", ""content"": ""Sunday Wire host Patrick Henningsen delivers another blow to the  Resistance. He explains why Hillary Rodham Clinton might have very well been one of the worse presidential candidates in US history. He also explains why it s wrong for US federal government to brand RT America as a  foreign agent. Enjoy the rant.""}, {""role"": ""assistant"", ""content"": ""False""}]}"
"{""messages"": [{""role"": ""system"", ""content"": ""TruthKeeper is a fake news detector bot. Return answer of True or False.""}, {""role"": ""user"", ""content"": ""The late Libyan leader Muammar Gaddafi remarked before his death about what he believed was an overriding reason for the assassination of American President John F. Kennedy in 1963. His conclusion as shocking as it was orphic. Watch this video montage which recounts some of the key moments and evidentiary points in what remains one of the biggest unsolved political mysteries in modern history.""}, {""role"": ""assistant"", ""content"": ""False""}]}"
"{""messages"": [{""role"": ""system"", ""content"": ""TruthKeeper is a fake news detector bot. Return answer of True or False.""}, {""role"": ""user"", ""content"": ""The media interloper in the video frame was attempting to disrupt CNN s live broadcast from the streets of Lower Manhattan. The street panel included CNN host Anderson Cooper and guest Michael Weiss. Weiss is one of the network s terrorism  experts and global regime change mascots.""}, {""role"": ""assistant"", ""content"": ""False""}]}"
"{""messages"": [{""role"": ""system"", ""content"": ""TruthKeeper is a fake news detector bot. Return answer of True or False.""}, {""role"": ""user"", ""content"": ""Hillary Clinton is getting asked what she will wear for a Halloween costume. The recently defeated Democratic presidential candidate offered one idea that would send shivers down the spines of many.""}, {""role"": ""assistant"", ""content"": ""False""}]}"
"{""messages"": [{""role"": ""system"", ""content"": ""TruthKeeper is a fake news detector bot. Return answer of True or False.""}, {""role"": ""user"", ""content"": ""Cyber security expert John McAfee talks about personal privacy issues. McAfee discusses how hackers can access your smartphone and why. He also discusses the safety of crypto-currencies in today s world of data-mining.""}, {""role"": ""assistant"", ""content"": ""False""}]}"
"{""messages"": [{""role"": ""system"", ""content"": ""TruthKeeper is a fake news detector bot. Return answer of True or False.""}, {""role"": ""user"", ""content"": ""US Senate candidate Derrick Grayson from the state of Georgia explains the actual racist roots of the Democratic Party in America. Grayson explains how the liberal left have successfully managed to use and manipulate minorities in America since the FDR era.""}, {""role"": ""assistant"", ""content"": ""False""}]}"
"{""messages"": [{""role"": ""system"", ""content"": ""TruthKeeper is a fake news detector bot. Return answer of True or False.""}, {""role"": ""user"", ""content"": ""Mandalay Bay owns the Mandalay Bay hotel near where the shooting occurred. The hotel was the site of the deadliest shooting in U.S. history.""}, {""role"": ""assistant"", ""content"": ""False""}]}"
"{""messages"": [{""role"": ""system"", ""content"": ""TruthKeeper is a fake news detector bot. Return answer of True or False.""}, {""role"": ""user"", ""content"": ""Has President Trump handed over US foreign policy to an elite clique of military generals? Some are calling this a soft coup.""}, {""role"": ""assistant"", ""content"": ""False""}]}"
"{""messages"": [{""role"": ""system"", ""content"": ""TruthKeeper is a fake news detector bot. Return answer of True or False.""}, {""role"": ""user"", ""content"": ""Throughout history nothing is forever.  chance and human agency. We have only to reflect upon defunct glacial despotisms such as the USSR or East Germany.""}, {""role"": ""assistant"", ""content"": ""False""}]}"
"{""messages"": [{""role"": ""system"", ""content"": ""TruthKeeper is a fake news detector bot. Return answer of True or False.""}, {""role"": ""user"", ""content"": ""YouTube artist Rebekah Johnson says,  Propaganda puppets are lying to the public and suppressing the truth. Listen to her song and watch her video here:.""}, {""role"": ""assistant"", ""content"": ""False""}]}"
"{""messages"": [{""role"": ""system"", ""content"": ""TruthKeeper is a fake news detector bot. Return answer of True or False.""}, {""role"": ""user"", ""content"": ""21st Century Wire says John Sidney McCain III has been diagnosed with a brain tumor called glioblastoma. We break down all the reasons why we think it s time for McCain to retire. The list is endless.""}, {""role"": ""assistant"", ""content"": ""False""}]}"
"{""messages"": [{""role"": ""system"", ""content"": ""TruthKeeper is a fake news detector bot. Return answer of True or False.""}, {""role"": ""user"", ""content"": ""Tune in to the Alternate Current Radio Network (ACR) for this week s broadcast of The Boiler Room. Join us for uncensored, uninterruptible talk radio, custom-made for barfly philosophers, misguided moralists, masochists, street corner evangelists and media-maniacs.""}, {""role"": ""assistant"", ""content"": ""False""}]}"
"{""messages"": [{""role"": ""system"", ""content"": ""TruthKeeper is a fake news detector bot. Return answer of True or False.""}, {""role"": ""user"", ""content"": ""In politics, it s not really about color, as much as which party you belong to. Many prominent black American Democrats consider Ben Carson to be a traitor to their cause. Is there any truth to these accusations, or is this a racially-motivated political witch-hunt?""}, {""role"": ""assistant"", ""content"": ""False""}]}"
"{""messages"": [{""role"": ""system"", ""content"": ""TruthKeeper is a fake news detector bot. Return answer of True or False.""}, {""role"": ""user"", ""content"": ""The War on Democracy is one of award-winning Australian filmmaker John Pilger s most intimate film creations. Pilger takes an inside look at the Hugo Chavez epoch in Venezuela, the CIA coups and fascist takeover in Chile, as well as the American derailment of El Salvador, Guatemala and Bolivia.""}, {""role"": ""assistant"", ""content"": ""False""}]}"
"{""messages"": [{""role"": ""system"", ""content"": ""TruthKeeper is a fake news detector bot. Return answer of True or False.""}, {""role"": ""user"", ""content"": ""Mainstream media continues to pump out theories about Russian contacts of the Trump campaign and hangers-on. It s perhaps the biggest political hoax in modern history, and they re still at it.""}, {""role"": ""assistant"", ""content"": ""False""}]}"
"{""messages"": [{""role"": ""system"", ""content"": ""TruthKeeper is a fake news detector bot. Return answer of True or False.""}, {""role"": ""user"", ""content"": ""President Trump recently announced a ban on transgender persons in the US Military. The White House announcement triggered an uproar from Hollywood s progressive alliance and LGBT lobby. US Army whistlerblower Bradley Manning, who later changed his name to Chelsea Manning, tweeted this:""}, {""role"": ""assistant"", ""content"": ""False""}]}"
"{""messages"": [{""role"": ""system"", ""content"": ""TruthKeeper is a fake news detector bot. Return answer of True or False.""}, {""role"": ""user"", ""content"": ""21WIRE s Shawn Helton joins well-known Talk Radio host Jack Blood on The Jack Blood Show, to discuss the socially engineered May Day protests and riots. Listen as we breakdown today s hyper-real media propaganda.""}, {""role"": ""assistant"", ""content"": ""False""}]}"
"{""messages"": [{""role"": ""system"", ""content"": ""TruthKeeper is a fake news detector bot. Return answer of True or False.""}, {""role"": ""user"", ""content"": ""This past weekend, thousands of people in hundreds of cities across the US took to the streets to demand President Trump release his tax returns. This is in stark contrast to protests against Obama s war on Libya back in the Spring of 2011, where protests were not only few and far between but also struggled to get more than 50 people to attend.""}, {""role"": ""assistant"", ""content"": ""False""}]}"
"{""messages"": [{""role"": ""system"", ""content"": ""TruthKeeper is a fake news detector bot. Return answer of True or False.""}, {""role"": ""user"", ""content"": ""Tune in to the Alternate Current Radio Network (ACR) for another LIVE broadcast of  The Boiler Room. Join us for uncensored, uninterruptible talk radio, custom-made for bar fly philosophers, misguided moralists, masochists and street corner evangelists.""}, {""role"": ""assistant"", ""content"": ""False""}]}"
"{""messages"": [{""role"": ""system"", ""content"": ""TruthKeeper is a fake news detector bot. Return answer of True or False.""}, {""role"": ""user"", ""content"": ""21st Century Wire Editor Patrick Henningsen explains how Donald Trump, Nikki Haley and Rex Tillerson have just surpassed the Bush administration in their WMD ignorance. The following segment was recorded on live TV the day before the US launched its Tomahawk missile strike on Shayrat Air Base.""}, {""role"": ""assistant"", ""content"": ""False""}]}"
"{""messages"": [{""role"": ""system"", ""content"": ""TruthKeeper is a fake news detector bot. Return answer of True or False.""}, {""role"": ""user"", ""content"": ""21st Century Wire speaks with Professor Mike Rocca of the University of New Mexico. Rocca explains how civic ignorance has become an issue in society.""}, {""role"": ""assistant"", ""content"": ""False""}]}"
"{""messages"": [{""role"": ""system"", ""content"": ""TruthKeeper is a fake news detector bot. Return answer of True or False.""}, {""role"": ""user"", ""content"": ""Stuart J. Hooper breaks down why this is not the Donald Trump we wanted. He examines the dangerous crowd who is supporting this move.""}, {""role"": ""assistant"", ""content"": ""False""}]}"
"{""messages"": [{""role"": ""system"", ""content"": ""TruthKeeper is a fake news detector bot. Return answer of True or False.""}, {""role"": ""user"", ""content"": ""In last week s Episode #179 of the SUNDAY WIRE, host Patrick Henningsen speaks to author and global affairs analyst, F. William Engdahl. The interview was recorded 5 days before the US missile strikes on Syria. Little did we know at the time of this recording just how accurate our guest s comments would become.""}, {""role"": ""assistant"", ""content"": ""False""}]}"
"{""messages"": [{""role"": ""system"", ""content"": ""TruthKeeper is a fake news detector bot. Return answer of True or False.""}, {""role"": ""user"", ""content"": ""This is an urgent discussion on this week s alleged  chemical weapons attack in Idlib, Syria. The US and Donald Trump have automatically blamed the Syrian government and Bashar al Assad. Is this a dangerous precedent?""}, {""role"": ""assistant"", ""content"": ""False""}]}"
"{""messages"": [{""role"": ""system"", ""content"": ""TruthKeeper is a fake news detector bot. Return answer of True or False.""}, {""role"": ""user"", ""content"": ""This special episode of DRIVE BY WIRE takes place in a unique location   in the back of a New York City Yellow Cab. 21WIRE s Patrick Henningsen and special guest from The United Nation press corp, independent correspondent Matt Lee from Inner City Press.""}, {""role"": ""assistant"", ""content"": ""False""}]}"
"{""messages"": [{""role"": ""system"", ""content"": ""TruthKeeper is a fake news detector bot. Return answer of True or False.""}, {""role"": ""user"", ""content"": ""This week s documentary screening is curated by our editorial team at 21WIRE. This was quite a groundbreaking investigation and production at the time, which aired on US public television in 1988. Is the CIA using drug money to finance covert operations?""}, {""role"": ""assistant"", ""content"": ""False""}]}"
"{""messages"": [{""role"": ""system"", ""content"": ""TruthKeeper is a fake news detector bot. Return answer of True or False.""}, {""role"": ""user"", ""content"": ""Julian Assange said there is a serious conflict between President Donald Trump and the CIA over Syria. The CIA and other security apparatuses don't want him to change the foreign policy of Washington towards Syria.""}, {""role"": ""assistant"", ""content"": ""False""}]}"
"{""messages"": [{""role"": ""system"", ""content"": ""TruthKeeper is a fake news detector bot. Return answer of True or False.""}, {""role"": ""user"", ""content"": ""Tune in to the Alternate Current Radio Network (ACR) for another LIVE broadcast of  The Boiler Room tonight. Join us for uncensored, uninterruptible talk radio, custom-made for bar fly philosophers and misguided moralists.""}, {""role"": ""assistant"", ""content"": ""False""}]}"
"{""messages"": [{""role"": ""system"", ""content"": ""TruthKeeper is a fake news detector bot. Return answer of True or False.""}, {""role"": ""user"", ""content"": ""21WIRE writers Patrick and Shawn talk about the big  Russian Investigation currently going on in Washington. They also discuss the recent London Attack and some of the chief anomalies present in that event, and also US troops in Syria.""}, {""role"": ""assistant"", ""content"": ""False""}]}"
"{""messages"": [{""role"": ""system"", ""content"": ""TruthKeeper is a fake news detector bot. Return answer of True or False.""}, {""role"": ""user"", ""content"": ""Al Gore said that climate change is a principal cause of the Syrian conflict. 21st Century Wire says Can you say:  out of touch ?""}, {""role"": ""assistant"", ""content"": ""False""}]}"
"{""messages"": [{""role"": ""system"", ""content"": ""TruthKeeper is a fake news detector bot. Return answer of True or False.""}, {""role"": ""user"", ""content"": ""Air America is one of the most clandestine operations in CIA history. From its origins with the legendary Flying Tigers of WWII to the final days of Vietnam War.""}, {""role"": ""assistant"", ""content"": ""False""}]}"
"{""messages"": [{""role"": ""system"", ""content"": ""TruthKeeper is a fake news detector bot. Return answer of True or False.""}, {""role"": ""user"", ""content"": ""Brother Mikhail was giving somewhat of an explosive sermon outside of the student union building at the University of New Mexico. He sat down with Stuart to discuss his philosophy, thoughts on President Trump and Hillary Clinton.""}, {""role"": ""assistant"", ""content"": ""False""}]}"
"{""messages"": [{""role"": ""system"", ""content"": ""TruthKeeper is a fake news detector bot. Return answer of True or False.""}, {""role"": ""user"", ""content"": ""Foreign Policy has released a new article hyping up the dangers of mass surveillance. 90% of the article is solely concerned with generating fear. 21st Century Wire says This is why nobody takes the mainstream media seriously.""}, {""role"": ""assistant"", ""content"": ""False""}]}"
"{""messages"": [{""role"": ""system"", ""content"": ""TruthKeeper is a fake news detector bot. Return answer of True or False.""}, {""role"": ""user"", ""content"": ""Retired basketball megastar Shaquille O Neal has stated that he believes the world is flat. 21st Century Wire asks if the flat Earth theory has been planted into the alternative news community to discredit the legitimate work that it is doing.""}, {""role"": ""assistant"", ""content"": ""False""}]}"
"{""messages"": [{""role"": ""system"", ""content"": ""TruthKeeper is a fake news detector bot. Return answer of True or False.""}, {""role"": ""user"", ""content"": ""21st Century Wire says This is a string of disturbing stories. The floor plans to Trump Tower were stolen from the car of a Secret Service agent. An intruder was loose on the grounds of the Whitehouse for 16 minutes.""}, {""role"": ""assistant"", ""content"": ""False""}]}"
"{""messages"": [{""role"": ""system"", ""content"": ""TruthKeeper is a fake news detector bot. Return answer of True or False.""}, {""role"": ""user"", ""content"": ""21st Century Wire travelled to Los Angeles and met with YouTube star Hamish The Illusion Patterson. The two had an epic discussion on the current state of politics, hidden technology, our future on Mars and the hypocrisy of so-called liberals protesting against Trump.""}, {""role"": ""assistant"", ""content"": ""False""}]}"
"{""messages"": [{""role"": ""system"", ""content"": ""TruthKeeper is a fake news detector bot. Return answer of True or False.""}, {""role"": ""user"", ""content"": ""Stuart J. Hooper examines the other nefarious activities John McCain has been involved with. 21st Century Wire says The fake news continues.""}, {""role"": ""assistant"", ""content"": ""False""}]}"
"{""messages"": [{""role"": ""system"", ""content"": ""TruthKeeper is a fake news detector bot. Return answer of True or False.""}, {""role"": ""user"", ""content"": ""The Illusion has made over 1,200 videos covering everything from current events, to the nature of the universe, and his journey through sobriety. In the coming days, look for a hour and a half long discussion with Stuart and Hamish covering the state of the world.""}, {""role"": ""assistant"", ""content"": ""False""}]}"
"{""messages"": [{""role"": ""system"", ""content"": ""TruthKeeper is a fake news detector bot. Return answer of True or False.""}, {""role"": ""user"", ""content"": ""CrossTalk: Wikileaks strikes again. On full display are the CIA s spy tools and methods. 21st Century Wire: What does it mean to America, and the expectations of of rights and privacy for the average citizen?""}, {""role"": ""assistant"", ""content"": ""False""}]}"
"{""messages"": [{""role"": ""system"", ""content"": ""TruthKeeper is a fake news detector bot. Return answer of True or False.""}, {""role"": ""user"", ""content"": "" mainstream media attacked President Donald Trump for basing his wiretapping claims on anonymously sourced reports. 21st Century Wire says Is there any wonder people are sick of the mainstream media? Stuart J. Hooper breaks it down in the following video report.""}, {""role"": ""assistant"", ""content"": ""False""}]}"
"{""messages"": [{""role"": ""system"", ""content"": ""TruthKeeper is a fake news detector bot. Return answer of True or False.""}, {""role"": ""user"", ""content"": ""Facebook has begun its rollout of the Disputed Story tag. The tag allows only ABC News, FactCheck.org, the Associated Press, Snopes and Politifact to determine if a story is fake news. 21st Century Wire says Facebook knows best?""}, {""role"": ""assistant"", ""content"": ""False""}]}"
"{""messages"": [{""role"": ""system"", ""content"": ""TruthKeeper is a fake news detector bot. Return answer of True or False.""}, {""role"": ""user"", ""content"": ""21st Century Wire says Partisan liberal hypocrisy strikes again. Trump exposed two photographs, via his Twitter, which show two key Democratic conspiracy theorists, Nancy Pelosi and Chuck Schumer.""}, {""role"": ""assistant"", ""content"": ""False""}]}"
"{""messages"": [{""role"": ""system"", ""content"": ""TruthKeeper is a fake news detector bot. Return answer of True or False.""}, {""role"": ""user"", ""content"": ""Tune in to the Alternate Current Radio Network (ACR) for another LIVE broadcast of  The Boiler Room tonight 6:00 PM PST. Join us for uncensored, uninterruptible talk radio, custom-made for bar fly philosophers, misguided moralists and masochists.""}, {""role"": ""assistant"", ""content"": ""False""}]}"
"{""messages"": [{""role"": ""system"", ""content"": ""TruthKeeper is a fake news detector bot. Return answer of True or False.""}, {""role"": ""user"", ""content"": ""21st Century Wire says Is McMaster going to reignite tensions with Russia? Stuart J. Hooper asks if we should be worried about General McMaster replacing General Flynn as National Security Advisor. McMaster is the author of a report entitled  The Russia New Generation Warfare Study.""}, {""role"": ""assistant"", ""content"": ""False""}]}"
"{""messages"": [{""role"": ""system"", ""content"": ""TruthKeeper is a fake news detector bot. Return answer of True or False.""}, {""role"": ""user"", ""content"": ""21st Century Wire says Is this the biggest new nugget to be found in Trump s joint address from last night? Stuart J. Hooper examines Trump s promise to ask Congress for a one trillion dollar fund to rebuild America s infrastructure.""}, {""role"": ""assistant"", ""content"": ""False""}]}"
