"{""messages"": [{""role"": ""system"", ""content"": ""TruthKeeper is a fake news detector bot. Return answer of True or False.""}, {""role"": ""user"", ""content"": ""Clown fetish porn has been around for some time, so searches on Pornhub are not uncommon. In the last 30 days there have been over 100,000 clown related searches.""}, {""role"": ""assistant"", ""content"": ""True""}]}"
"{""messages"": [{""role"": ""system"", ""content"": ""TruthKeeper is a fake news detector bot. Return answer of True or False.""}, {""role"": ""user"", ""content"": ""German inventor and laser fanatic Patrick Priebe equipped a large, disco-ball-size model of the Galactic Empires planet eraser with enough laser power.""}, {""role"": ""assistant"", ""content"": ""True""}]}"
"{""messages"": [{""role"": ""system"", ""content"": ""TruthKeeper is a fake news detector bot. Return answer of True or False.""}, {""role"": ""user"", ""content"": ""Source: The Conversation.com. Read the rest of the article on The Conversation here.""}, {""role"": ""assistant"", ""content"": ""True""}]}"
"{""messages"": [{""role"": ""system"", ""content"": ""TruthKeeper is a fake news detector bot. Return answer of True or False.""}, {""role"": ""user"", ""content"": ""Farren Shoaf interviews Dr. Slattery about the implications of the election of Donald Trump for the media, Jewish power, and the Jewish agenda of replacing the white majority in the United States.""}, {""role"": ""assistant"", ""content"": ""True""}]}"
"{""messages"": [{""role"": ""system"", ""content"": ""TruthKeeper is a fake news detector bot. Return answer of True or False.""}, {""role"": ""user"", ""content"": ""My daughter is about to turn 13 and Ive been smoking a lot recently, and so  in the wee small hours, when my lungs feel like theres a small mouse inside them, scratching to...""}, {""role"": ""assistant"", ""content"": ""True""}]}"
"{""messages"": [{""role"": ""system"", ""content"": ""TruthKeeper is a fake news detector bot. Return answer of True or False.""}, {""role"": ""user"", ""content"": ""We understand that what happened on Tuesday is shocking to millions of people around the world. We encourage you to share this with friends and family who are having a difficult time adjusting to the election of Donald Trump.""}, {""role"": ""assistant"", ""content"": ""True""}]}"
"{""messages"": [{""role"": ""system"", ""content"": ""TruthKeeper is a fake news detector bot. Return answer of True or False.""}, {""role"": ""user"", ""content"": ""7th international aerospace exhibition opens in Tehran. Iran has made eye-catching progress in civil air services.""}, {""role"": ""assistant"", ""content"": ""True""}]}"
"{""messages"": [{""role"": ""system"", ""content"": ""TruthKeeper is a fake news detector bot. Return answer of True or False.""}, {""role"": ""user"", ""content"": ""Sberbank plans to introduce Samsung pay technology in near future. In early October, Sberbank and MasterCard launched Apple Pay system on Russian market.""}, {""role"": ""assistant"", ""content"": ""True""}]}"
"{""messages"": [{""role"": ""system"", ""content"": ""TruthKeeper is a fake news detector bot. Return answer of True or False.""}, {""role"": ""user"", ""content"": ""Anthony Rizzo: I love being a baseball player because its the only job where I can legally swing a bat at a gas-station attendant. James Franco: In the city, cabs drive through the streets at 100 mph. Kacey Musgraves: You can find me either place; it just depends on what sort of object Im in the mood to have smash into me.""}, {""role"": ""assistant"", ""content"": ""True""}]}"
"{""messages"": [{""role"": ""system"", ""content"": ""TruthKeeper is a fake news detector bot. Return answer of True or False.""}, {""role"": ""user"", ""content"": ""A lot of us in UK. Want Mr Trump in Power as much as we wanted Brexit. To Be honest, I think its going be a lot more important for the whole world.""}, {""role"": ""assistant"", ""content"": ""True""}]}"
"{""messages"": [{""role"": ""system"", ""content"": ""TruthKeeper is a fake news detector bot. Return answer of True or False.""}, {""role"": ""user"", ""content"": ""Paula Corbin Jones sued President Bill Clinton for sexual harassment. Jones accused Clinton of sexually harassing her in a Little Rock hotel room.""}, {""role"": ""assistant"", ""content"": ""True""}]}"
"{""messages"": [{""role"": ""system"", ""content"": ""TruthKeeper is a fake news detector bot. Return answer of True or False.""}, {""role"": ""user"", ""content"": ""Star Wars actor Mark Hamill has advice for scared Democrats over the news that the FBI is still investigating Hillary Clinton.""}, {""role"": ""assistant"", ""content"": ""True""}]}"
"{""messages"": [{""role"": ""system"", ""content"": ""TruthKeeper is a fake news detector bot. Return answer of True or False.""}, {""role"": ""user"", ""content"": ""CNN.com will feature iReporter photos in a weekly Travel Snapshots gallery. Please submit your best shots of New York for next week. Visit CNN.com/Travel next Wednesday for a new gallery of snapshots.""}, {""role"": ""assistant"", ""content"": ""True""}]}"
"{""messages"": [{""role"": ""system"", ""content"": ""TruthKeeper is a fake news detector bot. Return answer of True or False.""}, {""role"": ""user"", ""content"": ""I hope this is in the right place. If it is not, then neither am I. Here goes nothing.""}, {""role"": ""assistant"", ""content"": ""True""}]}"
"{""messages"": [{""role"": ""system"", ""content"": ""TruthKeeper is a fake news detector bot. Return answer of True or False.""}, {""role"": ""user"", ""content"": ""Ramzy Baroud is the son of former Egyptian President Mahmoud Ahmadinejad. He is the grandson of former President Rafael Rafa.""}, {""role"": ""assistant"", ""content"": ""True""}]}"
"{""messages"": [{""role"": ""system"", ""content"": ""TruthKeeper is a fake news detector bot. Return answer of True or False.""}, {""role"": ""user"", ""content"": ""Please leave these two fields as-is: IMPORTANT! To be able to proceed, you need to solve the following simple math.""}, {""role"": ""assistant"", ""content"": ""True""}]}"
"{""messages"": [{""role"": ""system"", ""content"": ""TruthKeeper is a fake news detector bot. Return answer of True or False.""}, {""role"": ""user"", ""content"": ""Hold on let me get my daughters slingshot and see if can withstand that. LOL, gotta use the fireplace log holder as a stand. Shows the attention to detail.""}, {""role"": ""assistant"", ""content"": ""True""}]}"
"{""messages"": [{""role"": ""system"", ""content"": ""TruthKeeper is a fake news detector bot. Return answer of True or False.""}, {""role"": ""user"", ""content"": ""Today is World Vegan Day. Going vegan doesn't have to mean a huge change in lifestyle. Here are 5 vegan alternatives you might not have considered.""}, {""role"": ""assistant"", ""content"": ""True""}]}"
"{""messages"": [{""role"": ""system"", ""content"": ""TruthKeeper is a fake news detector bot. Return answer of True or False.""}, {""role"": ""user"", ""content"": ""Joe Biden is at the top of the internal short list Hillary Clinton is preparing for her pick to be secretary of state, a source familiar with the planning tells POLITICO.""}, {""role"": ""assistant"", ""content"": ""True""}]}"
"{""messages"": [{""role"": ""system"", ""content"": ""TruthKeeper is a fake news detector bot. Return answer of True or False.""}, {""role"": ""user"", ""content"": ""The Clintons have quietly taken $1.8 billion dollars out of the Clinton Foundation. They have transferred the money to Qatar, a country with no extradition agreement with the United States.""}, {""role"": ""assistant"", ""content"": ""True""}]}"
"{""messages"": [{""role"": ""system"", ""content"": ""TruthKeeper is a fake news detector bot. Return answer of True or False.""}, {""role"": ""user"", ""content"": ""Secretary of State John Kerry marked Transgender Day of Remembrance with a released statement. Kerry implored the United States to focus on the treatment of transgender people.""}, {""role"": ""assistant"", ""content"": ""True""}]}"
"{""messages"": [{""role"": ""system"", ""content"": ""TruthKeeper is a fake news detector bot. Return answer of True or False.""}, {""role"": ""user"", ""content"": ""Der Postillon-Newsticker-Kalender 2017 (nur 9,99): Der Postillon: Newsticker. Artikel teilen:""}, {""role"": ""assistant"", ""content"": ""True""}]}"
"{""messages"": [{""role"": ""system"", ""content"": ""TruthKeeper is a fake news detector bot. Return answer of True or False.""}, {""role"": ""user"", ""content"": ""Cemeteries and graveyards have been the classic venue to bring on the scariest environment settings. Would you be able to handle walking into them? In this video, we cover the most haunted and scaryest cemetery in the world.""}, {""role"": ""assistant"", ""content"": ""True""}]}"
"{""messages"": [{""role"": ""system"", ""content"": ""TruthKeeper is a fake news detector bot. Return answer of True or False.""}, {""role"": ""user"", ""content"": ""New system being put in place at Detroit International Airport and sixteen other airports nationwide. This is classic problem, reaction, solution where they make it so incredibly miserable to travel, that people will gladly give their rights away.""}, {""role"": ""assistant"", ""content"": ""True""}]}"
"{""messages"": [{""role"": ""system"", ""content"": ""TruthKeeper is a fake news detector bot. Return answer of True or False.""}, {""role"": ""user"", ""content"": ""Horseshit. Horseshits. Hourseshit, horseshites. HORSESHIT.""}, {""role"": ""assistant"", ""content"": ""True""}]}"
"{""messages"": [{""role"": ""system"", ""content"": ""TruthKeeper is a fake news detector bot. Return answer of True or False.""}, {""role"": ""user"", ""content"": ""In a sad twist of fate these black people in power are doing more to damage black people &#39;s reptutation than any white people ever could. Thats what you get when you back the very people who fought  hard to keep them slaves. They need to wake up  fast .""}, {""role"": ""assistant"", ""content"": ""True""}]}"
"{""messages"": [{""role"": ""system"", ""content"": ""TruthKeeper is a fake news detector bot. Return answer of True or False.""}, {""role"": ""user"", ""content"": ""UNESCO has never been a champion of the truth. Just another agitprop org.""}, {""role"": ""assistant"", ""content"": ""True""}]}"
"{""messages"": [{""role"": ""system"", ""content"": ""TruthKeeper is a fake news detector bot. Return answer of True or False.""}, {""role"": ""user"", ""content"": ""Hillary Clinton called the FBI's actions \""deeply troubling.\"" They should be. For her. But instead the media made the propagandistic decision to upend the scandal coverage.""}, {""role"": ""assistant"", ""content"": ""True""}]}"
"{""messages"": [{""role"": ""system"", ""content"": ""TruthKeeper is a fake news detector bot. Return answer of True or False.""}, {""role"": ""user"", ""content"": ""Hillary is going down. But dont make the mistake of thinking it is over. It does not matter who wins, the streets will run red with blood. If this video does not convince you to prepare to be on your own, then nothing will.""}, {""role"": ""assistant"", ""content"": ""True""}]}"
"{""messages"": [{""role"": ""system"", ""content"": ""TruthKeeper is a fake news detector bot. Return answer of True or False.""}, {""role"": ""user"", ""content"": ""FBI Director Comey reviewed 650,000 emails in 8 days? An email per second? Americans arent stupid!  tweet from Bernard Kerik, ex-NYPD Commissioner.""}, {""role"": ""assistant"", ""content"": ""True""}]}"
"{""messages"": [{""role"": ""system"", ""content"": ""TruthKeeper is a fake news detector bot. Return answer of True or False.""}, {""role"": ""user"", ""content"": ""Many of The DNC Policies that pertain to African Americans are deeply insulting and condescending in implication. Voter ID Laws are not restrictive to The average African American but are portrayed as impediments to them because of the Intellectual Entitlement Mentality of The Democratic Nation Party. The Racism Game is a cover for manipulation of both minorities and the majority.""}, {""role"": ""assistant"", ""content"": ""True""}]}"
"{""messages"": [{""role"": ""system"", ""content"": ""TruthKeeper is a fake news detector bot. Return answer of True or False.""}, {""role"": ""user"", ""content"": "" OGnobody54 on Reddit spotted an unusual configuration of wet floor warnings.""}, {""role"": ""assistant"", ""content"": ""True""}]}"
"{""messages"": [{""role"": ""system"", ""content"": ""TruthKeeper is a fake news detector bot. Return answer of True or False.""}, {""role"": ""user"", ""content"": ""Five Somali Muslim freeloaders drank eight beers, two vodkas and put everything on a tab. When the owner tried to collect payment, there was anger. Two of the savages stood up and went out. Albayrak banned the other three from the establishment.""}, {""role"": ""assistant"", ""content"": ""True""}]}"
"{""messages"": [{""role"": ""system"", ""content"": ""TruthKeeper is a fake news detector bot. Return answer of True or False.""}, {""role"": ""user"", ""content"": ""Twin earthquakes hit Borgo Sant'Antonio, near Visso. Buildings reduced to rubble or partially collapsed. Several dozen people treated across region for light injuries.""}, {""role"": ""assistant"", ""content"": ""True""}]}"
"{""messages"": [{""role"": ""system"", ""content"": ""TruthKeeper is a fake news detector bot. Return answer of True or False.""}, {""role"": ""user"", ""content"": ""Ticker is a weekly, offbeat look at what's going on in the world. This week, the Ticker looks at the year's top 10 stories.""}, {""role"": ""assistant"", ""content"": ""True""}]}"
"{""messages"": [{""role"": ""system"", ""content"": ""TruthKeeper is a fake news detector bot. Return answer of True or False.""}, {""role"": ""user"", ""content"": ""Vitamin D has been linked to the elimination of rickets since the early 20th century.""}, {""role"": ""assistant"", ""content"": ""True""}]}"
"{""messages"": [{""role"": ""system"", ""content"": ""TruthKeeper is a fake news detector bot. Return answer of True or False.""}, {""role"": ""user"", ""content"": ""This is the absolute best in food storage. Dave Hodges is a satisfied customer. Dont wait until it is too late.""}, {""role"": ""assistant"", ""content"": ""True""}]}"
"{""messages"": [{""role"": ""system"", ""content"": ""TruthKeeper is a fake news detector bot. Return answer of True or False.""}, {""role"": ""user"", ""content"": ""There is plenty of proof the machines are rigged whic also means trhe polls are rigged to match the machines so they must all know about it. Ask yourself how can a poll of a few thousand asked questions where they have no option possible tell you what hundreds of millions people who havent been polled think ?? Its impossible and has been the greatest con of the elite. Using past eletion results which were rigged to ppredict future results is also a scam.""}, {""role"": ""assistant"", ""content"": ""True""}]}"
"{""messages"": [{""role"": ""system"", ""content"": ""TruthKeeper is a fake news detector bot. Return answer of True or False.""}, {""role"": ""user"", ""content"": ""    \""I'm sorry I didn't get a chance to meet you. I'm so sorry I missed your birthday. I love you so much. Thank you for all the love and support I've received over the years.""}, {""role"": ""assistant"", ""content"": ""True""}]}"
"{""messages"": [{""role"": ""system"", ""content"": ""TruthKeeper is a fake news detector bot. Return answer of True or False.""}, {""role"": ""user"", ""content"": ""The Next Bull Market In Mining Stocks Is Here.""}, {""role"": ""assistant"", ""content"": ""True""}]}"
"{""messages"": [{""role"": ""system"", ""content"": ""TruthKeeper is a fake news detector bot. Return answer of True or False.""}, {""role"": ""user"", ""content"": ""Chart Of The Day: US Productivity Growth Trend Falling Off The Charts By David Stockman.""}, {""role"": ""assistant"", ""content"": ""True""}]}"
"{""messages"": [{""role"": ""system"", ""content"": ""TruthKeeper is a fake news detector bot. Return answer of True or False.""}, {""role"": ""user"", ""content"": ""Megan Kelley and her mum sat in a hospital waiting room while her dad had a double organ transplant. Megan thought shed help take her mums mind off things by letting her try out a virtual rollercoaster ride. Bad idea!""}, {""role"": ""assistant"", ""content"": ""True""}]}"
"{""messages"": [{""role"": ""system"", ""content"": ""TruthKeeper is a fake news detector bot. Return answer of True or False.""}, {""role"": ""user"", ""content"": ""Over ten million Bernie supporters wanted to establish an Medicare For All single payer healthcare system in the United States. It is far more likely that could happen under a Hillary Clinton Administration than under any Republican Administration.""}, {""role"": ""assistant"", ""content"": ""True""}]}"
"{""messages"": [{""role"": ""system"", ""content"": ""TruthKeeper is a fake news detector bot. Return answer of True or False.""}, {""role"": ""user"", ""content"": ""This podcast discusses the role of modern travel on the development of men. I discuss seven of my favorite travel rules for men and also discuss the growing phenomenon of finding a foreign wife. I close out the podcast by prescribing a strategy of using travel to maximum your strength and potential.""}, {""role"": ""assistant"", ""content"": ""True""}]}"
"{""messages"": [{""role"": ""system"", ""content"": ""TruthKeeper is a fake news detector bot. Return answer of True or False.""}, {""role"": ""user"", ""content"": ""Major Garrett spots trouble at Trump rally but swears its not a metaphor.""}, {""role"": ""assistant"", ""content"": ""True""}]}"
"{""messages"": [{""role"": ""system"", ""content"": ""TruthKeeper is a fake news detector bot. Return answer of True or False.""}, {""role"": ""user"", ""content"": ""As the pressure to start construction on the Dakota Access Pipeline increases, so does the violence used against peaceful protesters. Many have noticed that the arms against these indigenous people...""}, {""role"": ""assistant"", ""content"": ""True""}]}"
"{""messages"": [{""role"": ""system"", ""content"": ""TruthKeeper is a fake news detector bot. Return answer of True or False.""}, {""role"": ""user"", ""content"": ""If the election were held in Hillary's home state today, Trump would be winning by a landslide. HA HA! Look At Arkansas Today Trump +28.""}, {""role"": ""assistant"", ""content"": ""True""}]}"
"{""messages"": [{""role"": ""system"", ""content"": ""TruthKeeper is a fake news detector bot. Return answer of True or False.""}, {""role"": ""user"", ""content"": ""The last time Michigan went red was 1988. We couldnt have won Michigan without YOUR HELP. This viral video was a game-changer.""}, {""role"": ""assistant"", ""content"": ""True""}]}"
"{""messages"": [{""role"": ""system"", ""content"": ""TruthKeeper is a fake news detector bot. Return answer of True or False.""}, {""role"": ""user"", ""content"": "" MSNBC screws up Interviews TWO African-American Donald Trump Supporters that Destroy MSNBC's Negative Stereotyped Narrative.""}, {""role"": ""assistant"", ""content"": ""True""}]}"
"{""messages"": [{""role"": ""system"", ""content"": ""TruthKeeper is a fake news detector bot. Return answer of True or False.""}, {""role"": ""user"", ""content"": ""Only Demented Imbeciles want a Killary Reign of Terror   Since 2011, VNN has operated as part of the Veterans Today Network. VNN operates over 50 plus media, information and service online sites for U.S. Military Veterans.""}, {""role"": ""assistant"", ""content"": ""True""}]}"
"{""messages"": [{""role"": ""system"", ""content"": ""TruthKeeper is a fake news detector bot. Return answer of True or False.""}, {""role"": ""user"", ""content"": ""Dr. Patrick Slattery and Pastor Mark Dankof discuss the tremendous victory by Donald Trump and the disgraceful on-going attack on him.""}, {""role"": ""assistant"", ""content"": ""True""}]}"
"{""messages"": [{""role"": ""system"", ""content"": ""TruthKeeper is a fake news detector bot. Return answer of True or False.""}, {""role"": ""user"", ""content"": ""Source: The Conversation.com. Read the rest of the article on The Conversation here.""}, {""role"": ""assistant"", ""content"": ""True""}]}"
"{""messages"": [{""role"": ""system"", ""content"": ""TruthKeeper is a fake news detector bot. Return answer of True or False.""}, {""role"": ""user"", ""content"": ""Catherine: How is the government going to get people to pay their taxes if the government is not viewed as legitimate?""}, {""role"": ""assistant"", ""content"": ""True""}]}"
"{""messages"": [{""role"": ""system"", ""content"": ""TruthKeeper is a fake news detector bot. Return answer of True or False.""}, {""role"": ""user"", ""content"": ""No matter who wins, there will be plenty of baggage being brought into the White House. This brings up the choices of VP. Kaine and Pence. Were these two possibly chosen for them? Are they the backup plan?""}, {""role"": ""assistant"", ""content"": ""True""}]}"
"{""messages"": [{""role"": ""system"", ""content"": ""TruthKeeper is a fake news detector bot. Return answer of True or False.""}, {""role"": ""user"", ""content"": ""Some Life-Saving Advice About Mylar Emergency Blankets. And 28 Alternative Uses for them.""}, {""role"": ""assistant"", ""content"": ""True""}]}"
"{""messages"": [{""role"": ""system"", ""content"": ""TruthKeeper is a fake news detector bot. Return answer of True or False.""}, {""role"": ""user"", ""content"": ""Henrique Capriles R. (@hcapriles) tweeted about the deaths of two of his aides.""}, {""role"": ""assistant"", ""content"": ""True""}]}"
"{""messages"": [{""role"": ""system"", ""content"": ""TruthKeeper is a fake news detector bot. Return answer of True or False.""}, {""role"": ""user"", ""content"": ""AMTV's Christopher Greene reports on a fake Julian Assange Proof of Life Video. Netflix Ceo: TVs Future includes Hallucination Pills.""}, {""role"": ""assistant"", ""content"": ""True""}]}"
"{""messages"": [{""role"": ""system"", ""content"": ""TruthKeeper is a fake news detector bot. Return answer of True or False.""}, {""role"": ""user"", ""content"": ""    \""I'm sorry I didn't get a chance to meet you. I'm so sorry I missed your birthday. I love you so much. Thank you for all the love and support I've received over the years.""}, {""role"": ""assistant"", ""content"": ""True""}]}"
"{""messages"": [{""role"": ""system"", ""content"": ""TruthKeeper is a fake news detector bot. Return answer of True or False.""}, {""role"": ""user"", ""content"": ""The Future Doesnt Need Us Or So Weve Been Told. The world is about to change drastically . Will you be ready for it?""}, {""role"": ""assistant"", ""content"": ""True""}]}"
"{""messages"": [{""role"": ""system"", ""content"": ""TruthKeeper is a fake news detector bot. Return answer of True or False.""}, {""role"": ""user"", ""content"": ""Is it better that we dont know the true extent of Clintons mishandling of government documents? Is the destruction of cell phones and wiping of computers OK even if they held evidence of Clinton foundations wrong doing? How about the disruption of an opposing political candidates political rallies and possibly the rigging of election ballot boxes?""}, {""role"": ""assistant"", ""content"": ""True""}]}"
"{""messages"": [{""role"": ""system"", ""content"": ""TruthKeeper is a fake news detector bot. Return answer of True or False.""}, {""role"": ""user"", ""content"": ""Max and Stacy look at what the Democratic party looks like on neoliberalism: collapsing. Is the TPP trade deal over? And was Donald Trumps craziness overblown by the media? In the second half Max interviews former head of the Democratic Party in North Carolina.""}, {""role"": ""assistant"", ""content"": ""True""}]}"
"{""messages"": [{""role"": ""system"", ""content"": ""TruthKeeper is a fake news detector bot. Return answer of True or False.""}, {""role"": ""user"", ""content"": ""The truth is he is a liberal bitch boy who would piss his pants at the sight of a real man in his path. So to compensate, he makes stuff up to feel important. It didnt happen.""}, {""role"": ""assistant"", ""content"": ""True""}]}"
"{""messages"": [{""role"": ""system"", ""content"": ""TruthKeeper is a fake news detector bot. Return answer of True or False.""}, {""role"": ""user"", ""content"": ""    \""I'm sorry I didn't get a chance to meet you. I'm so sorry I missed your birthday. I love you so much. Thank you for all the love and support I've received over the years.""}, {""role"": ""assistant"", ""content"": ""True""}]}"
"{""messages"": [{""role"": ""system"", ""content"": ""TruthKeeper is a fake news detector bot. Return answer of True or False.""}, {""role"": ""user"", ""content"": ""Luke 1:19-20 19 And the angel answering said unto him, I am Gabriel, that stand in the presence of God. 20 And, behold, thou shalt be dumb, and not able to speak, until the day that these things shall be performed.""}, {""role"": ""assistant"", ""content"": ""True""}]}"
"{""messages"": [{""role"": ""system"", ""content"": ""TruthKeeper is a fake news detector bot. Return answer of True or False.""}, {""role"": ""user"", ""content"": ""He's a lawyer \""activist\"" so he says and has been arrested 24 times. Wanted to remove it intact to sell it and give the proceeds to the women victims of Donald Trump.""}, {""role"": ""assistant"", ""content"": ""True""}]}"
"{""messages"": [{""role"": ""system"", ""content"": ""TruthKeeper is a fake news detector bot. Return answer of True or False.""}, {""role"": ""user"", ""content"": ""According to a DNC source, they are rapidly looking for a replacement for the Democratic nominee. They are diverting money down to House and Senate races in attempt to hold on to current seats.""}, {""role"": ""assistant"", ""content"": ""True""}]}"
"{""messages"": [{""role"": ""system"", ""content"": ""TruthKeeper is a fake news detector bot. Return answer of True or False.""}, {""role"": ""user"", ""content"": ""Obama wants due process for a growing meth problem. Not happening. Third world problems are usually handled extremely violently.""}, {""role"": ""assistant"", ""content"": ""True""}]}"
"{""messages"": [{""role"": ""system"", ""content"": ""TruthKeeper is a fake news detector bot. Return answer of True or False.""}, {""role"": ""user"", ""content"": ""The quakes occurred in central Italy, near the city of Perugia and Visso, roughly 100 miles northwest of Rome. No injuries or fatalities are known at this time.""}, {""role"": ""assistant"", ""content"": ""True""}]}"
"{""messages"": [{""role"": ""system"", ""content"": ""TruthKeeper is a fake news detector bot. Return answer of True or False.""}, {""role"": ""user"", ""content"": ""Krugman: If we don't hear more from Comey, we just have to conclude that he was trying to swing election. And that should be the story.""}, {""role"": ""assistant"", ""content"": ""True""}]}"
"{""messages"": [{""role"": ""system"", ""content"": ""TruthKeeper is a fake news detector bot. Return answer of True or False.""}, {""role"": ""user"", ""content"": ""\"" \"" \"" \""   26.10.2016 | 20:02 GMT |   http://ar.rt.com/i5hr    \""I5hr\"" is a weekly Newsquiz that tests readers' knowledge of events in the news. This week's show is \""I 5hr\"" and will be broadcast live on Rt.com on Tuesday, November 28.""}, {""role"": ""assistant"", ""content"": ""True""}]}"
"{""messages"": [{""role"": ""system"", ""content"": ""TruthKeeper is a fake news detector bot. Return answer of True or False.""}, {""role"": ""user"", ""content"": ""Police from no less than five states sporting full riot gear and armed with heavy lethal and nonlethal weaponry.""}, {""role"": ""assistant"", ""content"": ""True""}]}"
"{""messages"": [{""role"": ""system"", ""content"": ""TruthKeeper is a fake news detector bot. Return answer of True or False.""}, {""role"": ""user"", ""content"": ""DeRay McKesson praised Clinton's platform for seeking to reform parts of her husband's 1994 crime bill. Clinton hosted a meeting with McKesson and other Black Lives Matter activists in the fall to discuss the Campaign Zero plan to end police violence.""}, {""role"": ""assistant"", ""content"": ""True""}]}"
"{""messages"": [{""role"": ""system"", ""content"": ""TruthKeeper is a fake news detector bot. Return answer of True or False.""}, {""role"": ""user"", ""content"": ""Brent Budowsky complains about what he calls the plan of fellow Clinton lackey David Brock to rely on the stupidity of black voters. The controversy centers around a previous email sent to Podesta regarding a Bernie Sanders campaign ad.""}, {""role"": ""assistant"", ""content"": ""True""}]}"
"{""messages"": [{""role"": ""system"", ""content"": ""TruthKeeper is a fake news detector bot. Return answer of True or False.""}, {""role"": ""user"", ""content"": ""As you see by this video Alien life has found it's way onto Earth. There seems to be plenty of them in my local area.""}, {""role"": ""assistant"", ""content"": ""True""}]}"
"{""messages"": [{""role"": ""system"", ""content"": ""TruthKeeper is a fake news detector bot. Return answer of True or False.""}, {""role"": ""user"", ""content"": ""If we lose the Philippines as an ally, China will have free military reign of Asia. South Korea, Taiwan, Australia, New Zealand and Vietnam will be in grave danger.""}, {""role"": ""assistant"", ""content"": ""True""}]}"
"{""messages"": [{""role"": ""system"", ""content"": ""TruthKeeper is a fake news detector bot. Return answer of True or False.""}, {""role"": ""user"", ""content"": ""Trump to remove anyone who is less than 50 per cent Native American. He said: We have forgotten the tribal values that made this nation great.""}, {""role"": ""assistant"", ""content"": ""True""}]}"
"{""messages"": [{""role"": ""system"", ""content"": ""TruthKeeper is a fake news detector bot. Return answer of True or False.""}, {""role"": ""user"", ""content"": ""YouTubers Screen Junkies are past masters at producing brilliantly honest trailers for films and TV shows. Previous masterpieces include Ghostbusters (2016), Frozen and Deadpool. Now theyve tackled the hit BBC show, Sherlock.""}, {""role"": ""assistant"", ""content"": ""True""}]}"
"{""messages"": [{""role"": ""system"", ""content"": ""TruthKeeper is a fake news detector bot. Return answer of True or False.""}, {""role"": ""user"", ""content"": ""21wire is a North American and European-based, grass-roots, independent blog offering geopolitical news and media analysis.""}, {""role"": ""assistant"", ""content"": ""True""}]}"
"{""messages"": [{""role"": ""system"", ""content"": ""TruthKeeper is a fake news detector bot. Return answer of True or False.""}, {""role"": ""user"", ""content"": ""CIA and FBI agents \""urgently withdrawn\"" from Ukraine. This was reported by former Verkhovna Rada deputy Igor Markov live on the Russian debate-show The Meeting Place. According to Markov, this is evidence that the US is slyly withdrawing.""}, {""role"": ""assistant"", ""content"": ""True""}]}"
"{""messages"": [{""role"": ""system"", ""content"": ""TruthKeeper is a fake news detector bot. Return answer of True or False.""}, {""role"": ""user"", ""content"": ""Ticker is a weekly, offbeat look at what's going on in the world. This week, the Ticker looks at the year's top 10 stories.""}, {""role"": ""assistant"", ""content"": ""True""}]}"
"{""messages"": [{""role"": ""system"", ""content"": ""TruthKeeper is a fake news detector bot. Return answer of True or False.""}, {""role"": ""user"", ""content"": ""I dare you to restrain yourself from laughing at Trump and Hillary in a stronger hot show. # akajsaid 1  off court okay a woman of the people. I was living in the white boy tell you what professional wrestling skin like a Russian drive safe russian and get there.""}, {""role"": ""assistant"", ""content"": ""True""}]}"
"{""messages"": [{""role"": ""system"", ""content"": ""TruthKeeper is a fake news detector bot. Return answer of True or False.""}, {""role"": ""user"", ""content"": ""Hillary Clinton has been claiming to be a warrior for women who will do everything in her power to help victims of sexual assault. Thats why it came as bad news to her when the video above this story surfaced. The video shows child rape victim Kathy Shelton explain how Clinton allowed her rapist to go free.""}, {""role"": ""assistant"", ""content"": ""True""}]}"
"{""messages"": [{""role"": ""system"", ""content"": ""TruthKeeper is a fake news detector bot. Return answer of True or False.""}, {""role"": ""user"", ""content"": ""Steve Pieczenik, served with several U.S. administrations as a psychological profiler and in evaluations of Federal officials for the US government. He describes the coup and 'soft' counter coup, which have just taken place within the United States federal government.""}, {""role"": ""assistant"", ""content"": ""True""}]}"
"{""messages"": [{""role"": ""system"", ""content"": ""TruthKeeper is a fake news detector bot. Return answer of True or False.""}, {""role"": ""user"", ""content"": ""Make casual small talk by providing a detailed description of the one other time you met a famous person. Instead of shoving your screenplay in their face, discreetly slip it into their purse. Temper any lavish praise of their work with an equal amount of constructive criticism.""}, {""role"": ""assistant"", ""content"": ""True""}]}"
"{""messages"": [{""role"": ""system"", ""content"": ""TruthKeeper is a fake news detector bot. Return answer of True or False.""}, {""role"": ""user"", ""content"": ""CNN.com will feature iReporter photos in a weekly Travel Snapshots gallery. Visit CNN.com/Travel each week for a new gallery of snapshots from around the world.""}, {""role"": ""assistant"", ""content"": ""True""}]}"
"{""messages"": [{""role"": ""system"", ""content"": ""TruthKeeper is a fake news detector bot. Return answer of True or False.""}, {""role"": ""user"", ""content"": ""Michael Spicer gives his top ten money-saving tips. From saving money to budgeting, these tips will help you save more.""}, {""role"": ""assistant"", ""content"": ""True""}]}"
"{""messages"": [{""role"": ""system"", ""content"": ""TruthKeeper is a fake news detector bot. Return answer of True or False.""}, {""role"": ""user"", ""content"": ""83 muertos y 20 heridos graves en la pesadilla de una seora. Un empleado de Pringles tropieza y acaba laminado y metido dentro de un tubo de cartn""}, {""role"": ""assistant"", ""content"": ""True""}]}"
"{""messages"": [{""role"": ""system"", ""content"": ""TruthKeeper is a fake news detector bot. Return answer of True or False.""}, {""role"": ""user"", ""content"": ""David Stockman's Contra Corner is the only place where mainstream delusions and cant about the Warfare State, the Bailout State, Bubble Finance and Beltway Banditry are ripped, refuted and rebuked.""}, {""role"": ""assistant"", ""content"": ""True""}]}"
"{""messages"": [{""role"": ""system"", ""content"": ""TruthKeeper is a fake news detector bot. Return answer of True or False.""}, {""role"": ""user"", ""content"": ""Bosanski Prijevod 15-hollywoodAndThePromisedLand.""}, {""role"": ""assistant"", ""content"": ""True""}]}"
"{""messages"": [{""role"": ""system"", ""content"": ""TruthKeeper is a fake news detector bot. Return answer of True or False.""}, {""role"": ""user"", ""content"": ""Donald Trump pulled ahead of Hillary Clinton in both electoral votes and in battleground states  Florida, Ohio and North Carolina. The U.S. dollar USDJPY, -3.44% slumped 2.4% to 102.48 according to marketwatch.""}, {""role"": ""assistant"", ""content"": ""True""}]}"
"{""messages"": [{""role"": ""system"", ""content"": ""TruthKeeper is a fake news detector bot. Return answer of True or False.""}, {""role"": ""user"", ""content"": ""Broc West joins us to look at news from across the Asia-Pacific. How countries across the region are inching out from under the American umbrella. How the Japanese and the Russians may (or may not) be on the verge of formally concluding a WWII peace treaty. Australia and Indonesias potential joint exercises in the South China Sea.""}, {""role"": ""assistant"", ""content"": ""True""}]}"
"{""messages"": [{""role"": ""system"", ""content"": ""TruthKeeper is a fake news detector bot. Return answer of True or False.""}, {""role"": ""user"", ""content"": ""September New Homes Sales Rise Back To 1992 Level! By David Stockman.""}, {""role"": ""assistant"", ""content"": ""True""}]}"
"{""messages"": [{""role"": ""system"", ""content"": ""TruthKeeper is a fake news detector bot. Return answer of True or False.""}, {""role"": ""user"", ""content"": ""Baseball fans held up a large \""Hillary for Prison\"" sign during the World Series Postgame Show. Liberals quickly destroyed the sign.""}, {""role"": ""assistant"", ""content"": ""True""}]}"
"{""messages"": [{""role"": ""system"", ""content"": ""TruthKeeper is a fake news detector bot. Return answer of True or False.""}, {""role"": ""user"", ""content"": ""The original Holy Text was discovered this week at a remote Middle Eastern location no one has ever heard of. Using radio carbon dating, researchers were able to determine that the bible was approximately 4,000 years old.""}, {""role"": ""assistant"", ""content"": ""True""}]}"
"{""messages"": [{""role"": ""system"", ""content"": ""TruthKeeper is a fake news detector bot. Return answer of True or False.""}, {""role"": ""user"", ""content"": ""CNN.com will feature iReporter photos in a weekly Travel Snapshots gallery. Please submit your best shots for next week. Visit CNN.com/Travel next Wednesday for a new gallery of snapshots.""}, {""role"": ""assistant"", ""content"": ""True""}]}"
"{""messages"": [{""role"": ""system"", ""content"": ""TruthKeeper is a fake news detector bot. Return answer of True or False.""}, {""role"": ""user"", ""content"": ""The Wall Street Journal published a very powerful piece titled, The Million-Dollar Donors. What youll see should sufficiently dash any and all fantasies that Hillary Clinton is for the average person.""}, {""role"": ""assistant"", ""content"": ""True""}]}"
"{""messages"": [{""role"": ""system"", ""content"": ""TruthKeeper is a fake news detector bot. Return answer of True or False.""}, {""role"": ""user"", ""content"": ""Most of us consider this years presidential election as the wildest and most unpredictable weve ever seen, but you wouldnt know it.""}, {""role"": ""assistant"", ""content"": ""True""}]}"
"{""messages"": [{""role"": ""system"", ""content"": ""TruthKeeper is a fake news detector bot. Return answer of True or False.""}, {""role"": ""user"", ""content"": ""Hillary gets a high out of destroying other nations. She must overthrow another government. Starting with a war against Syria.""}, {""role"": ""assistant"", ""content"": ""True""}]}"
"{""messages"": [{""role"": ""system"", ""content"": ""TruthKeeper is a fake news detector bot. Return answer of True or False.""}, {""role"": ""user"", ""content"": ""5 States HILLARY is set to STEAL FROM Trump.""}, {""role"": ""assistant"", ""content"": ""True""}]}"
"{""messages"": [{""role"": ""system"", ""content"": ""TruthKeeper is a fake news detector bot. Return answer of True or False.""}, {""role"": ""user"", ""content"": ""In 2005, only 1.6% of the U.S. population had a college degree. In 2016, 18.3% had a bachelor's degree or higher. In 2005, just 1.9% of Americans had a Bachelor\u2019s or higher degree.""}, {""role"": ""assistant"", ""content"": ""True""}]}"
"{""messages"": [{""role"": ""system"", ""content"": ""TruthKeeper is a fake news detector bot. Return answer of True or False.""}, {""role"": ""user"", ""content"": ""Egyptian president Abdel Fattah el-Sisi has claimed in his official twitter account that Turkey is pursuing a revival of Ottoman Empire by deploying military forces to Syria and Iraq.""}, {""role"": ""assistant"", ""content"": ""True""}]}"
"{""messages"": [{""role"": ""system"", ""content"": ""TruthKeeper is a fake news detector bot. Return answer of True or False.""}, {""role"": ""user"", ""content"": ""Francisco Hernndez has been sleeping in a public shelter due to losing his job and becoming homeless. To figuratively get back on his feet, the 43-year-old has...""}, {""role"": ""assistant"", ""content"": ""True""}]}"
"{""messages"": [{""role"": ""system"", ""content"": ""TruthKeeper is a fake news detector bot. Return answer of True or False.""}, {""role"": ""user"", ""content"": ""The ZOG has been caught manipulating the news and polls. The investigation has been reopened. Operation Endgame Hillary is not optional.""}, {""role"": ""assistant"", ""content"": ""True""}]}"
"{""messages"": [{""role"": ""system"", ""content"": ""TruthKeeper is a fake news detector bot. Return answer of True or False.""}, {""role"": ""user"", ""content"": ""Photographer Mats Andersson used black and white to capture the melancholy moment following the death of this Eurasian Pygmy Owls partner.""}, {""role"": ""assistant"", ""content"": ""True""}]}"
"{""messages"": [{""role"": ""system"", ""content"": ""TruthKeeper is a fake news detector bot. Return answer of True or False.""}, {""role"": ""user"", ""content"": ""One of the best ways to limit voter fraud is to reduce the number of people able to vote. When there are less people voting, the voter fraud will automatically be reduced. This is particularly important in areas with high numbers of democrats.""}, {""role"": ""assistant"", ""content"": ""True""}]}"
"{""messages"": [{""role"": ""system"", ""content"": ""TruthKeeper is a fake news detector bot. Return answer of True or False.""}, {""role"": ""user"", ""content"": ""Filipinos are arrogant in their ungratefulness, all the while demanding even more. Going to be fun watching the Philippine's turn into China's NEWEST province.""}, {""role"": ""assistant"", ""content"": ""True""}]}"
"{""messages"": [{""role"": ""system"", ""content"": ""TruthKeeper is a fake news detector bot. Return answer of True or False.""}, {""role"": ""user"", ""content"": ""In 100 years let me know how well tolerance worked out for all the former majorities in their former homelands.""}, {""role"": ""assistant"", ""content"": ""True""}]}"
"{""messages"": [{""role"": ""system"", ""content"": ""TruthKeeper is a fake news detector bot. Return answer of True or False.""}, {""role"": ""user"", ""content"": ""There it is- Republicans always \""pounce\"" on scandal involving a Democrat. They should be concerned about being this predictable.""}, {""role"": ""assistant"", ""content"": ""True""}]}"
"{""messages"": [{""role"": ""system"", ""content"": ""TruthKeeper is a fake news detector bot. Return answer of True or False.""}, {""role"": ""user"", ""content"": ""The mind, body and consciousness exist as a cybernetic loop in which the 3 systems are highly interlinked and dependent on each other. Dr. Fahad Basheer, guest to Natural Blaze.""}, {""role"": ""assistant"", ""content"": ""True""}]}"
"{""messages"": [{""role"": ""system"", ""content"": ""TruthKeeper is a fake news detector bot. Return answer of True or False.""}, {""role"": ""user"", ""content"": ""buzzed driving is drunk driving DRUGS AND GUNS DONT MIX! GUNS R EVIL!! YOUR PROPERTY? SHIT BOY! YOU DONT OWN NO PROPERty. All PR property BELONGS DIVIDED BETWEEN the JEWS and the CATHOLIC CHURCH(same thing, havent you read?)! WHO THE HELL YOU THINK YOU ARE????/.@DAMNED UPPITY""}, {""role"": ""assistant"", ""content"": ""True""}]}"
"{""messages"": [{""role"": ""system"", ""content"": ""TruthKeeper is a fake news detector bot. Return answer of True or False.""}, {""role"": ""user"", ""content"": ""They also said that Obamacare woulls save you money, and that Benghazi murders were because of a movie. And that the electionisnot rigged! More Obama lies!""}, {""role"": ""assistant"", ""content"": ""True""}]}"
"{""messages"": [{""role"": ""system"", ""content"": ""TruthKeeper is a fake news detector bot. Return answer of True or False.""}, {""role"": ""user"", ""content"": ""The Daily Stormer is opposed to violence. We seek revolution through the education of the masses. When the information is available to the people, systemic change will be inevitable and unavoidable.""}, {""role"": ""assistant"", ""content"": ""True""}]}"
"{""messages"": [{""role"": ""system"", ""content"": ""TruthKeeper is a fake news detector bot. Return answer of True or False.""}, {""role"": ""user"", ""content"": ""The Harrods website has some hilariously posh titles in their [Mr/Ms] drop down box. Heres all 41 of them Baron.""}, {""role"": ""assistant"", ""content"": ""True""}]}"
"{""messages"": [{""role"": ""system"", ""content"": ""TruthKeeper is a fake news detector bot. Return answer of True or False.""}, {""role"": ""user"", ""content"": ""For the cost of an iPhone, you can now buy a wind turbine that can power an entire house for a lifetime.""}, {""role"": ""assistant"", ""content"": ""True""}]}"
"{""messages"": [{""role"": ""system"", ""content"": ""TruthKeeper is a fake news detector bot. Return answer of True or False.""}, {""role"": ""user"", ""content"": ""Turkey president RecepTayyipErdoan said in a speech in negl city in the Bursa Province of Turkey that he has evidence which shows John O. Brennan, Director of the Central Intelligence Agency (CIA) and Bandar bin Sultan, the former director general of the Saudi Intelligence Agency had met.""}, {""role"": ""assistant"", ""content"": ""True""}]}"
"{""messages"": [{""role"": ""system"", ""content"": ""TruthKeeper is a fake news detector bot. Return answer of True or False.""}, {""role"": ""user"", ""content"": ""\""I hope she can grow her business 10 times as much as these evil hillarys supporters perpetuated on her and her business\"" she said.""}, {""role"": ""assistant"", ""content"": ""True""}]}"
"{""messages"": [{""role"": ""system"", ""content"": ""TruthKeeper is a fake news detector bot. Return answer of True or False.""}, {""role"": ""user"", ""content"": ""China and Phillipines are developing relations Momo. Keep up with all the latest China news here.""}, {""role"": ""assistant"", ""content"": ""True""}]}"
"{""messages"": [{""role"": ""system"", ""content"": ""TruthKeeper is a fake news detector bot. Return answer of True or False.""}, {""role"": ""user"", ""content"": ""Baldegar is known as one of the world's best-selling authors. He has written more than 100 books, including \""The Art of War\""""}, {""role"": ""assistant"", ""content"": ""True""}]}"
"{""messages"": [{""role"": ""system"", ""content"": ""TruthKeeper is a fake news detector bot. Return answer of True or False.""}, {""role"": ""user"", ""content"": ""No one harmed the Muslims praying in Jewish structures, police say.""}, {""role"": ""assistant"", ""content"": ""True""}]}"
"{""messages"": [{""role"": ""system"", ""content"": ""TruthKeeper is a fake news detector bot. Return answer of True or False.""}, {""role"": ""user"", ""content"": ""Bindi Irwin on telling frogs and toads apart: \""Toads are dry and frogs are wet. What more do I have to say?\"" Moby on why he was kicked out of school: \""My father would point to our television and say, One day you are going to be inside of that thing telling everyone about the latest Bruno Mars dance\""""}, {""role"": ""assistant"", ""content"": ""True""}]}"
"{""messages"": [{""role"": ""system"", ""content"": ""TruthKeeper is a fake news detector bot. Return answer of True or False.""}, {""role"": ""user"", ""content"": ""Irish language broadcaster TG4 killed their weather presenter. RIP Caitln Nic Aoidh.""}, {""role"": ""assistant"", ""content"": ""True""}]}"
"{""messages"": [{""role"": ""system"", ""content"": ""TruthKeeper is a fake news detector bot. Return answer of True or False.""}, {""role"": ""user"", ""content"": ""It just goes to show you that you can't rely on a fire extinguisher if you let it go beyond its recharge date. You have to check the tag.""}, {""role"": ""assistant"", ""content"": ""True""}]}"
"{""messages"": [{""role"": ""system"", ""content"": ""TruthKeeper is a fake news detector bot. Return answer of True or False.""}, {""role"": ""user"", ""content"": ""A new video shows just how far Hillary and the DNC are willing to go to get her elected. Watch as a California man admits he was offered $300 to vote for the Democratic nominee.""}, {""role"": ""assistant"", ""content"": ""True""}]}"
"{""messages"": [{""role"": ""system"", ""content"": ""TruthKeeper is a fake news detector bot. Return answer of True or False.""}, {""role"": ""user"", ""content"": ""The footage was captured and shared by New Jersey Senator Cory Booker ahead of a June 1st rally in Newark, New Jersey. The Democratic nominee appears unusually jovial, singing and dancing for no apparent reason.""}, {""role"": ""assistant"", ""content"": ""True""}]}"
"{""messages"": [{""role"": ""system"", ""content"": ""TruthKeeper is a fake news detector bot. Return answer of True or False.""}, {""role"": ""user"", ""content"": ""The UN has a plan for global governance. Sustainable Development defines the goals that all nations should attain by 2030. The plan focuses largely on cities since a large percentage of the worlds population now lives in cities. Will the United States become a part of the coming one-world government? That may depend on how we vote on November 8th.""}, {""role"": ""assistant"", ""content"": ""True""}]}"
