"{""messages"": [{""role"": ""system"", ""content"": ""TruthKeeper is a fake news detector bot. Return answer of True or False.""}, {""role"": ""user"", ""content"": ""Donald Trump tweets that he raised $13 million in 24 hours from online donations. Trump has struggled to convince traditional Republican donors to back his campaign. In August, Trump raised $90 million, trailing Democratic Party candidate Hillary Clinton.""}, {""role"": ""assistant"", ""content"": ""True""}]}"
"{""messages"": [{""role"": ""system"", ""content"": ""TruthKeeper is a fake news detector bot. Return answer of True or False.""}, {""role"": ""user"", ""content"": ""Republican vice presidential candidate Mike Pence says Gennifer Flowers will not attend Monday nights U.S. presidential debate. Donald Trump said on Saturday that he was considering inviting Flowers to attend after Hillary Clintons campaign had invited Dallas Mavericks owner Mark Cuban.""}, {""role"": ""assistant"", ""content"": ""True""}]}"
"{""messages"": [{""role"": ""system"", ""content"": ""TruthKeeper is a fake news detector bot. Return answer of True or False.""}, {""role"": ""user"", ""content"": ""Israeli Prime Minister Benjamin Netanyahu is currently visiting the United States. He will separately meet U.S. presidential candidates Hillary Clinton and Donald Trump. The meetings will take place a day before Clinton and Trump face off in a first presidential debate.""}, {""role"": ""assistant"", ""content"": ""True""}]}"
"{""messages"": [{""role"": ""system"", ""content"": ""TruthKeeper is a fake news detector bot. Return answer of True or False.""}, {""role"": ""user"", ""content"": ""Hillary Clinton has postponed a trip planned for Sunday to Charlotte, North Carolina. Charlotte has seen sometimes violent protests after a black man was killed by police earlier this week. Clinton will visit the city on the following Sunday.""}, {""role"": ""assistant"", ""content"": ""True""}]}"
"{""messages"": [{""role"": ""system"", ""content"": ""TruthKeeper is a fake news detector bot. Return answer of True or False.""}, {""role"": ""user"", ""content"": ""The White House welcomes the latest plan from congressional Republicans to fund the federal government past Sept. 30. But it says it is still disappointed in parts of the proposal, such as a lack of funding for the water crisis in Flint, Michigan.""}, {""role"": ""assistant"", ""content"": ""True""}]}"
"{""messages"": [{""role"": ""system"", ""content"": ""TruthKeeper is a fake news detector bot. Return answer of True or False.""}, {""role"": ""user"", ""content"": ""White House spokesman: Obama will veto Justice Against Sponsors of Terrorism Act. Obama administration opposed the bill on grounds other countries could use it to sue U.S.""}, {""role"": ""assistant"", ""content"": ""True""}]}"
"{""messages"": [{""role"": ""system"", ""content"": ""TruthKeeper is a fake news detector bot. Return answer of True or False.""}, {""role"": ""user"", ""content"": ""U.S. President Barack Obama will raise concerns about Israeli settlement activity in Arab lands. Obama will meet with Israeli Prime Minister Benjamin Netanyahu in New York.""}, {""role"": ""assistant"", ""content"": ""True""}]}"
"{""messages"": [{""role"": ""system"", ""content"": ""TruthKeeper is a fake news detector bot. Return answer of True or False.""}, {""role"": ""user"", ""content"": ""U.S. President Barack Obama met Chinese Premier Li Keqiang on Monday. Obama urged China to accelerate efforts to address the problem of industrial excess capacity. Obama also urged Beijing to establish a level playing field to allow all firms to compete fairly.""}, {""role"": ""assistant"", ""content"": ""True""}]}"
"{""messages"": [{""role"": ""system"", ""content"": ""TruthKeeper is a fake news detector bot. Return answer of True or False.""}, {""role"": ""user"", ""content"": ""Hillary Clinton condemns what she calls the apparent terrorist attacks in Minnesota, New Jersey and New York. The three attacks on Saturday involved a stabbing in a Minnesota mall that wounded nine people, a bombing in Manhattans Chelsea neighborhood that injured 29.""}, {""role"": ""assistant"", ""content"": ""True""}]}"
"{""messages"": [{""role"": ""system"", ""content"": ""TruthKeeper is a fake news detector bot. Return answer of True or False.""}, {""role"": ""user"", ""content"": ""Republican presidential nominee Donald Trump says if elected he would seek to reverse President Barack Obamas moves to open relations with Cuba. Trump said he would do so unless the leaders there allowed religious freedoms and freed political prisoners.""}, {""role"": ""assistant"", ""content"": ""True""}]}"
"{""messages"": [{""role"": ""system"", ""content"": ""TruthKeeper is a fake news detector bot. Return answer of True or False.""}, {""role"": ""user"", ""content"": ""The U.S. House Financial Services Committee has opened a probe into Wells Fargos. Wells Fargo has settled with regulators over allegations that its staff opened more than two million bank accounts and credit cards for customers.""}, {""role"": ""assistant"", ""content"": ""True""}]}"
"{""messages"": [{""role"": ""system"", ""content"": ""TruthKeeper is a fake news detector bot. Return answer of True or False.""}, {""role"": ""user"", ""content"": ""Obama met with Ohios Republican Governor John Kasich and other high-profile business and political leaders to strategize about how to secure U.S. approval of the Trans-Pacific Partnership trade deal.""}, {""role"": ""assistant"", ""content"": ""True""}]}"
"{""messages"": [{""role"": ""system"", ""content"": ""TruthKeeper is a fake news detector bot. Return answer of True or False.""}, {""role"": ""user"", ""content"": ""U.S. Republican presidential nominee Donald Trump says he believes the president was born in the United States. Trump has long questioned President Barack Obama's citizenship.""}, {""role"": ""assistant"", ""content"": ""True""}]}"
"{""messages"": [{""role"": ""system"", ""content"": ""TruthKeeper is a fake news detector bot. Return answer of True or False.""}, {""role"": ""user"", ""content"": ""U.S. President Barack Obama says he had better things to do than comment on Donald Trumps announcement. Trump plans to address Obamas citizenship on Friday, a day after he refused in a newspaper interview to say whether he believed Obama was born in the United States.""}, {""role"": ""assistant"", ""content"": ""True""}]}"
"{""messages"": [{""role"": ""system"", ""content"": ""TruthKeeper is a fake news detector bot. Return answer of True or False.""}, {""role"": ""user"", ""content"": ""Hillary Clinton says success of Syrian ceasefire depends on Moscow's interest. Clinton: \""It is up to whether or not Vladimir Putin decides that its time to do what the Russians can do\""""}, {""role"": ""assistant"", ""content"": ""True""}]}"
"{""messages"": [{""role"": ""system"", ""content"": ""TruthKeeper is a fake news detector bot. Return answer of True or False.""}, {""role"": ""user"", ""content"": ""Donald Trump is not only a problem for the EU but also for the whole world, Martin Schulz says. If a man who shows off by not having a clue ends up in the White House, a critical point will have been reached, he says.""}, {""role"": ""assistant"", ""content"": ""True""}]}"
"{""messages"": [{""role"": ""system"", ""content"": ""TruthKeeper is a fake news detector bot. Return answer of True or False.""}, {""role"": ""user"", ""content"": ""Hackers are targeting state Democratic Party officials, Politico reports. The Association of State Democratic Chairs sent an email to its members. The email warned recipients to avoid the anti-secrecy site Wikileaks.""}, {""role"": ""assistant"", ""content"": ""True""}]}"
"{""messages"": [{""role"": ""system"", ""content"": ""TruthKeeper is a fake news detector bot. Return answer of True or False.""}, {""role"": ""user"", ""content"": ""Democratic vice presidential nominee Tim Kaine is expected to release his medical records later on Wednesday, ABC News reported.""}, {""role"": ""assistant"", ""content"": ""True""}]}"
"{""messages"": [{""role"": ""system"", ""content"": ""TruthKeeper is a fake news detector bot. Return answer of True or False.""}, {""role"": ""user"", ""content"": ""Obama: New $38 billion aid package will help ensure Israel can defend itself. Obama commenting in a statement on the 10-year memorandum of understanding (MOU)""}, {""role"": ""assistant"", ""content"": ""True""}]}"
"{""messages"": [{""role"": ""system"", ""content"": ""TruthKeeper is a fake news detector bot. Return answer of True or False.""}, {""role"": ""user"", ""content"": ""The Obama Administration plans to increase the number of refugees admitted to the United States by 30 percent in fiscal year 2017. Secretary of State John Kerry presented the new target of 110,000 in the 2017 fiscal year starting Oct. 1.""}, {""role"": ""assistant"", ""content"": ""True""}]}"
"{""messages"": [{""role"": ""system"", ""content"": ""TruthKeeper is a fake news detector bot. Return answer of True or False.""}, {""role"": ""user"", ""content"": ""Hillary Clinton will meet with Egyptian President Abdel Fattah al-Sisi and Ukrainian President Petro Poroshenko next week. She will also meet with other leaders, the campaign added.""}, {""role"": ""assistant"", ""content"": ""True""}]}"
"{""messages"": [{""role"": ""system"", ""content"": ""TruthKeeper is a fake news detector bot. Return answer of True or False.""}, {""role"": ""user"", ""content"": ""Kremlin says it views U.S. President Barack Obamas recent statements on Republican presidential candidate Donald Trump as anti-Russian. Obama on Tuesday strongly criticized Trump for praising Russian President Vladimir Putin.""}, {""role"": ""assistant"", ""content"": ""True""}]}"
"{""messages"": [{""role"": ""system"", ""content"": ""TruthKeeper is a fake news detector bot. Return answer of True or False.""}, {""role"": ""user"", ""content"": ""Hillary Clinton plans to resume campaigning on Thursday, her spokesman said. Clinton has spent the day catching up on reading briefings, making calls and watching on television. Clinton almost collapsed on Sunday at a New York memorial ceremony for the 9/11 attacks.""}, {""role"": ""assistant"", ""content"": ""True""}]}"
"{""messages"": [{""role"": ""system"", ""content"": ""TruthKeeper is a fake news detector bot. Return answer of True or False.""}, {""role"": ""user"", ""content"": ""The bill was introduced in the House and is making its way through Congress. It faces a tough battle in the Senate. Operation of the prison weakens our national security, White House says.""}, {""role"": ""assistant"", ""content"": ""True""}]}"
"{""messages"": [{""role"": ""system"", ""content"": ""TruthKeeper is a fake news detector bot. Return answer of True or False.""}, {""role"": ""user"", ""content"": ""Democratic presidential nominee Hillary Clinton is scheduled to return to the campaign trail on Friday. MSNBC reported that she was scheduled to appear at a Black Womens Agenda event in Washington.""}, {""role"": ""assistant"", ""content"": ""True""}]}"
"{""messages"": [{""role"": ""system"", ""content"": ""TruthKeeper is a fake news detector bot. Return answer of True or False.""}, {""role"": ""user"", ""content"": ""Obama will host Italian Prime Minister Matteo Renzi for an official visit on Oct. 18. Obama and Renzi, whose countries are NATO allies, have discussed security and economic issues.""}, {""role"": ""assistant"", ""content"": ""True""}]}"
"{""messages"": [{""role"": ""system"", ""content"": ""TruthKeeper is a fake news detector bot. Return answer of True or False.""}, {""role"": ""user"", ""content"": ""U.S. State Department spokesman John Kirby said Washington had not officially received such a demand. The United States is committed to its alliance with the Philippines, he added.""}, {""role"": ""assistant"", ""content"": ""True""}]}"
"{""messages"": [{""role"": ""system"", ""content"": ""TruthKeeper is a fake news detector bot. Return answer of True or False.""}, {""role"": ""user"", ""content"": ""Senate Majority Leader Mitch McConnell said a lot of important progress had been made. He did not provide further details, other than to say that he expected to advance the legislation in the Senate.""}, {""role"": ""assistant"", ""content"": ""True""}]}"
"{""messages"": [{""role"": ""system"", ""content"": ""TruthKeeper is a fake news detector bot. Return answer of True or False.""}, {""role"": ""user"", ""content"": ""Republican presidential candidate Donald Trump says health is an issue in the campaign. Trump said he would soon release detailed health information of his own.""}, {""role"": ""assistant"", ""content"": ""True""}]}"
"{""messages"": [{""role"": ""system"", ""content"": ""TruthKeeper is a fake news detector bot. Return answer of True or False.""}, {""role"": ""user"", ""content"": ""Clinton was scheduled to leave for California on Monday morning for a two-day swing. No other details about her travel were available.""}, {""role"": ""assistant"", ""content"": ""True""}]}"
"{""messages"": [{""role"": ""system"", ""content"": ""TruthKeeper is a fake news detector bot. Return answer of True or False.""}, {""role"": ""user"", ""content"": ""The House of Representatives was expected to vote on the bill on Friday. The Senate passed it unanimously in May. Both Obama and a White House spokesman said in April the president would veto the bill.""}, {""role"": ""assistant"", ""content"": ""True""}]}"
"{""messages"": [{""role"": ""system"", ""content"": ""TruthKeeper is a fake news detector bot. Return answer of True or False.""}, {""role"": ""user"", ""content"": ""U.S. House Speaker Paul Ryan said the Trans-Pacific Partnership trade agreement still faces an uphill battle for support in Congress. Ryan said he was not inclined to bring it up for a vote, because it would not pass.""}, {""role"": ""assistant"", ""content"": ""True""}]}"
"{""messages"": [{""role"": ""system"", ""content"": ""TruthKeeper is a fake news detector bot. Return answer of True or False.""}, {""role"": ""user"", ""content"": ""U.S. Air Forces fire services chief indicted on charges of illegally disclosing contract information. James Podolske Jr. also charged with soliciting donations for a charity. He faces 25 years in prison if convicted on all charges.""}, {""role"": ""assistant"", ""content"": ""True""}]}"
"{""messages"": [{""role"": ""system"", ""content"": ""TruthKeeper is a fake news detector bot. Return answer of True or False.""}, {""role"": ""user"", ""content"": ""Hillary Clinton will hold a news conference before departing from White Plains, New York. No specific time for the conference was provided. Clinton has already spoken to reporters twice on her campaign plane this week.""}, {""role"": ""assistant"", ""content"": ""True""}]}"
"{""messages"": [{""role"": ""system"", ""content"": ""TruthKeeper is a fake news detector bot. Return answer of True or False.""}, {""role"": ""user"", ""content"": ""Former Republican U.S. Defense Secretary William Cohen says he will likely vote for Hillary Clinton. Cohen cites her experience as secretary of state and former first lady. I would not feel comfortable, with Donald Trump, Clintons Republican rival and a political novice.""}, {""role"": ""assistant"", ""content"": ""True""}]}"
"{""messages"": [{""role"": ""system"", ""content"": ""TruthKeeper is a fake news detector bot. Return answer of True or False.""}, {""role"": ""user"", ""content"": ""U.S. President BarackObamavisited a street market in Luang Prabang on Wednesday (September 7), where he greeted residents and tasted freshcoconut.""}, {""role"": ""assistant"", ""content"": ""True""}]}"
"{""messages"": [{""role"": ""system"", ""content"": ""TruthKeeper is a fake news detector bot. Return answer of True or False.""}, {""role"": ""user"", ""content"": ""U.S. Secretary of Defense Ash Carter says the defense relationship with the Philippines is a strong and longstanding one. Carter was speaking to reporters as he was landing in London. He described the Philippines new defense minister, Delfin Lorenzana, as someone who was very knowledgeable about all the things that we do together.""}, {""role"": ""assistant"", ""content"": ""True""}]}"
"{""messages"": [{""role"": ""system"", ""content"": ""TruthKeeper is a fake news detector bot. Return answer of True or False.""}, {""role"": ""user"", ""content"": ""Congress must pass a spending bill before the fiscal year ends on Sept. 30. Some conservative Republicans have said they want a temporary spending bill that extends into 2017.""}, {""role"": ""assistant"", ""content"": ""True""}]}"
"{""messages"": [{""role"": ""system"", ""content"": ""TruthKeeper is a fake news detector bot. Return answer of True or False.""}, {""role"": ""user"", ""content"": ""U.S. President Barack Obama will likely hold talks with Japan Prime Minister Shinzo Abe during a leaders summit in Laos. North Korea's firing of three ballistic missiles on Monday highlighted the need for the United States to maintain a sense of urgency.""}, {""role"": ""assistant"", ""content"": ""True""}]}"
"{""messages"": [{""role"": ""system"", ""content"": ""TruthKeeper is a fake news detector bot. Return answer of True or False.""}, {""role"": ""user"", ""content"": ""U.S. President Barack Obama may speak informally with Philippine counterpart Rodrigo Duterte. He tends to interacts with all the leaders at these events, Deputy National Security Advisor Ben Rhodes said.""}, {""role"": ""assistant"", ""content"": ""True""}]}"
"{""messages"": [{""role"": ""system"", ""content"": ""TruthKeeper is a fake news detector bot. Return answer of True or False.""}, {""role"": ""user"", ""content"": ""President Rodrigo Duterte regretted comments he made about U.S. President Barack Obama. He explained that the press reports that President Obama would lecture him on extrajudicial killings led to his strong comments.""}, {""role"": ""assistant"", ""content"": ""True""}]}"
"{""messages"": [{""role"": ""system"", ""content"": ""TruthKeeper is a fake news detector bot. Return answer of True or False.""}, {""role"": ""user"", ""content"": ""Hillary Clinton says she is not distracted by rumors of ill health. She says attacks on the Clinton Foundation are not rooted in fact. Clinton also said she continued to support a no-fly zone over Syria.""}, {""role"": ""assistant"", ""content"": ""True""}]}"
"{""messages"": [{""role"": ""system"", ""content"": ""TruthKeeper is a fake news detector bot. Return answer of True or False.""}, {""role"": ""user"", ""content"": ""Republican presidential nominee Donald Trumps campaign criticized the Iran nuclear deal and Democrat Hillary Clintons support for it. Retired Lieutenant General Michael Flynn, a Trump foreign policy adviser, said the report showed President Barack Obama gave away the store.""}, {""role"": ""assistant"", ""content"": ""True""}]}"
"{""messages"": [{""role"": ""system"", ""content"": ""TruthKeeper is a fake news detector bot. Return answer of True or False.""}, {""role"": ""user"", ""content"": ""Mexican President Enrique Pena Nieto says Mexico will not pay for Donald Trump's proposed wall. Trump earlier said the pair had discussed the wall but not who would pay for it.""}, {""role"": ""assistant"", ""content"": ""True""}]}"
"{""messages"": [{""role"": ""system"", ""content"": ""TruthKeeper is a fake news detector bot. Return answer of True or False.""}, {""role"": ""user"", ""content"": ""Mexican President Enrique Pena Nieto hosted U.S. Republican presidential candidate Donald Trump in Mexico City. He told Trump his government would work with whoever wins the U.N. election.""}, {""role"": ""assistant"", ""content"": ""True""}]}"
"{""messages"": [{""role"": ""system"", ""content"": ""TruthKeeper is a fake news detector bot. Return answer of True or False.""}, {""role"": ""user"", ""content"": ""U.S. Republican presidential nominee Donald Trump says he and Mexican President Enrique Pena Nieto discussed a border wall. Trump said they did not discuss payment of the wall, that will be at a later date. Pena Pena said the border must be seen as an asset for the region.""}, {""role"": ""assistant"", ""content"": ""True""}]}"
"{""messages"": [{""role"": ""system"", ""content"": ""TruthKeeper is a fake news detector bot. Return answer of True or False.""}, {""role"": ""user"", ""content"": ""McCain, 80, defeated former Arizona state Senator Kelli Ward. He is slated to defend his Senate seat against Democratic  Representative Ann Kirkpatrick.""}, {""role"": ""assistant"", ""content"": ""True""}]}"
"{""messages"": [{""role"": ""system"", ""content"": ""TruthKeeper is a fake news detector bot. Return answer of True or False.""}, {""role"": ""user"", ""content"": ""Mexican President Enrique Pena Nieto will meet U.S. Republican presidential candidate Donald Trump for a private meeting. The Mexican presidency said the government had sent an invitation to both Trump and Democratic hopeful Hillary Clinton for talks.""}, {""role"": ""assistant"", ""content"": ""True""}]}"
"{""messages"": [{""role"": ""system"", ""content"": ""TruthKeeper is a fake news detector bot. Return answer of True or False.""}, {""role"": ""user"", ""content"": ""Rep. Debbie Wasserman Schultz of Florida won a bid on Tuesday to be her partys nominee for a seventh term. Wasserman Schultz defeated Tim Canova, a law professor who is an outspoken Wall Street critic.""}, {""role"": ""assistant"", ""content"": ""True""}]}"
"{""messages"": [{""role"": ""system"", ""content"": ""TruthKeeper is a fake news detector bot. Return answer of True or False.""}, {""role"": ""user"", ""content"": ""Marco Rubio projected to win party nominating contest in Florida. Rubio could face Democratic U.S. Representative Patrick Murphy in Nov. 8 election.""}, {""role"": ""assistant"", ""content"": ""True""}]}"
"{""messages"": [{""role"": ""system"", ""content"": ""TruthKeeper is a fake news detector bot. Return answer of True or False.""}, {""role"": ""user"", ""content"": ""White House National Security Council adviser Christina Segal-Knowles said talks on a trade pact with Europe were still in progress. The Asian talks are stalled in Congress and both Democrat Hillary Clinton and Republican Donald Trump have said they would not approve the deal in its current form.""}, {""role"": ""assistant"", ""content"": ""True""}]}"
"{""messages"": [{""role"": ""system"", ""content"": ""TruthKeeper is a fake news detector bot. Return answer of True or False.""}, {""role"": ""user"", ""content"": ""U.S. President Barack Obama is expected to meet with Philippine President Rodrigo Duterte on Sept. 6. Obama plans to touch on human rights as well as security concerns, the White House said.""}, {""role"": ""assistant"", ""content"": ""True""}]}"
"{""messages"": [{""role"": ""system"", ""content"": ""TruthKeeper is a fake news detector bot. Return answer of True or False.""}, {""role"": ""user"", ""content"": ""U.S. representatives Jason Chaffetz and Elijah Cummings of the House Committee on Oversight and Government Reform sent a letter to Mylan NV Chief Executive Heather Bresch. Mylan said earlier it would launch the first generic version of EpiPen for $300, half the price of the branded product.""}, {""role"": ""assistant"", ""content"": ""True""}]}"
"{""messages"": [{""role"": ""system"", ""content"": ""TruthKeeper is a fake news detector bot. Return answer of True or False.""}, {""role"": ""user"", ""content"": ""German Economy Minister Sigmar Gabriel says talks on the Transatlantic Trade and Investment Partnership have essentially failed. U.S. and the EU have been negotiating the TTIP for three years. Both sides had sought to conclude talks in 2016 but they have differences over various issues.""}, {""role"": ""assistant"", ""content"": ""True""}]}"
"{""messages"": [{""role"": ""system"", ""content"": ""TruthKeeper is a fake news detector bot. Return answer of True or False.""}, {""role"": ""user"", ""content"": ""The meeting was held at the Federal Bureau of Investigations field office in White Plains, New York. Clinton, a former secretary of state, attended the meeting alone, according to a pool report.""}, {""role"": ""assistant"", ""content"": ""True""}]}"
"{""messages"": [{""role"": ""system"", ""content"": ""TruthKeeper is a fake news detector bot. Return answer of True or False.""}, {""role"": ""user"", ""content"": ""The meeting was led by Denis McDonough, President Barack Obamas chief of staff. Ken Salazar, the former Interior Secretary, is leading the transition team for Hillary Clinton. New Jersey Governor Chris Christie is the transition chair for Republican candidate Donald Trump.""}, {""role"": ""assistant"", ""content"": ""True""}]}"
"{""messages"": [{""role"": ""system"", ""content"": ""TruthKeeper is a fake news detector bot. Return answer of True or False.""}, {""role"": ""user"", ""content"": ""The National Hispanic Leadership Agenda asks Donald Trump to stop attacks on Hispanic communities. The group, a coalition of 40 Latino nonpartisan advocacy organizations, wrote to Trump.""}, {""role"": ""assistant"", ""content"": ""True""}]}"
"{""messages"": [{""role"": ""system"", ""content"": ""TruthKeeper is a fake news detector bot. Return answer of True or False.""}, {""role"": ""user"", ""content"": ""President Barack Obama is still committed to closing the U.S. prison for terrorism suspects at Guantanamo Bay, Cuba. Obama administration expects to complete the task, White House says.""}, {""role"": ""assistant"", ""content"": ""True""}]}"
"{""messages"": [{""role"": ""system"", ""content"": ""TruthKeeper is a fake news detector bot. Return answer of True or False.""}, {""role"": ""user"", ""content"": ""Hillary Clinton says Mylan NVs move is welcome but not sufficient. Clinton campaign spokesman Tyrone Gayle says excessive pricewill likely be passed on. Gayle: Since there is no apparent justification for the price increase, Mylan should immediately lower the overall price of EpiPens.""}, {""role"": ""assistant"", ""content"": ""True""}]}"
"{""messages"": [{""role"": ""system"", ""content"": ""TruthKeeper is a fake news detector bot. Return answer of True or False.""}, {""role"": ""user"", ""content"": ""Democratic presidential candidate Hillary Clinton praised the peace deal between Colombia and the rebel group FARC. \""The people of Colombia deserve nothing less,\"" Clinton said.""}, {""role"": ""assistant"", ""content"": ""True""}]}"
"{""messages"": [{""role"": ""system"", ""content"": ""TruthKeeper is a fake news detector bot. Return answer of True or False.""}, {""role"": ""user"", ""content"": ""U.S. Vice President Joe Biden said the United States believed the Nord Stream 2 pipeline was a bad deal for Europe. Gazprom and its European partners agreed the project, which will run across the Baltic Sea to Germany, last year.""}, {""role"": ""assistant"", ""content"": ""True""}]}"
"{""messages"": [{""role"": ""system"", ""content"": ""TruthKeeper is a fake news detector bot. Return answer of True or False.""}, {""role"": ""user"", ""content"": ""The White House said pharmaceutical firms risked damaging their reputations with big price hikes. But it sidestepped commenting directly on Mylan NVs decision to raise the price of its EpiPen.""}, {""role"": ""assistant"", ""content"": ""True""}]}"
"{""messages"": [{""role"": ""system"", ""content"": ""TruthKeeper is a fake news detector bot. Return answer of True or False.""}, {""role"": ""user"", ""content"": ""U.S. leaders commended Costa Rica for its leadership in setting up a protective transfer arrangement. Up to 200 migrants at a time from El Salvador, Guatemala, and Honduras can be transferred.""}, {""role"": ""assistant"", ""content"": ""True""}]}"
"{""messages"": [{""role"": ""system"", ""content"": ""TruthKeeper is a fake news detector bot. Return answer of True or False.""}, {""role"": ""user"", ""content"": ""Kellyanne Conway was named to the position on Wednesday by the Trump campaign. The head of conservative website Breitbart News was also appointed to the new position of campaign CEO.""}, {""role"": ""assistant"", ""content"": ""True""}]}"
"{""messages"": [{""role"": ""system"", ""content"": ""TruthKeeper is a fake news detector bot. Return answer of True or False.""}, {""role"": ""user"", ""content"": ""The pledge is a rare policy pronouncement from the New York real estate mogul. The pledge was part of his criticism of Democratic rival Hillary Clinton.""}, {""role"": ""assistant"", ""content"": ""True""}]}"
"{""messages"": [{""role"": ""system"", ""content"": ""TruthKeeper is a fake news detector bot. Return answer of True or False.""}, {""role"": ""user"", ""content"": ""The FBI said it would expect Congress to obtain FBI approval before releasing any of the documents the agency has turned over to lawmakers. The material it had provided to Congress contains classified and other sensitive information.""}, {""role"": ""assistant"", ""content"": ""True""}]}"
"{""messages"": [{""role"": ""system"", ""content"": ""TruthKeeper is a fake news detector bot. Return answer of True or False.""}, {""role"": ""user"", ""content"": ""Pennsylvania Attorney General Kathleen Kane announced her resignation on Tuesday. Kane was convicted of perjury and other crimes for leaking sealed grand jury material to a news reporter.""}, {""role"": ""assistant"", ""content"": ""True""}]}"
"{""messages"": [{""role"": ""system"", ""content"": ""TruthKeeper is a fake news detector bot. Return answer of True or False.""}, {""role"": ""user"", ""content"": ""Roger Ailes, the Fox News chairman ousted last month after sexual harassment allegations, is not advising Donald Trump. Earlier, the New York Times had reported that Ailes was advising Trump ahead of the Sept. 26 first presidential debate with Hillary Clinton. Ailes resigned from his post as chairman and chief executive of Fox News Channel last month.""}, {""role"": ""assistant"", ""content"": ""True""}]}"
"{""messages"": [{""role"": ""system"", ""content"": ""TruthKeeper is a fake news detector bot. Return answer of True or False.""}, {""role"": ""user"", ""content"": ""CNN: FBI will deliver a report to U.S. lawmakers explaining why it did not recommend charges over Hillary Clintons use of a personal email server. The confidential material will include FBI agent memos on their interviews with the Democratic presidential candidate.""}, {""role"": ""assistant"", ""content"": ""True""}]}"
"{""messages"": [{""role"": ""system"", ""content"": ""TruthKeeper is a fake news detector bot. Return answer of True or False.""}, {""role"": ""user"", ""content"": ""U.S. Vice President Joe Biden says Republican presidential nominee Donald Trumps remark that President Barack Obama founded Islamic State had increased threats to the physical safety of troops in Iraq. Trump is already making our country less safe, Biden said.""}, {""role"": ""assistant"", ""content"": ""True""}]}"
"{""messages"": [{""role"": ""system"", ""content"": ""TruthKeeper is a fake news detector bot. Return answer of True or False.""}, {""role"": ""user"", ""content"": ""Donald Trump accused President Obama and Hillary Clinton of being co-founders of Islamic State. Clinton campaign called the remarks a false claim.""}, {""role"": ""assistant"", ""content"": ""True""}]}"
"{""messages"": [{""role"": ""system"", ""content"": ""TruthKeeper is a fake news detector bot. Return answer of True or False.""}, {""role"": ""user"", ""content"": ""Democratic presidential nominee Hillary Clinton said Republican Donald Trumps gun rights comment incites violence. Clinton said he does not have the temperament to be president.""}, {""role"": ""assistant"", ""content"": ""True""}]}"
"{""messages"": [{""role"": ""system"", ""content"": ""TruthKeeper is a fake news detector bot. Return answer of True or False.""}, {""role"": ""user"", ""content"": ""U.S. Vice President Joe Biden will visit Serbia and Kosovo next week. Biden will hold meetings with each countrys president and prime minister. United States last month transferred two inmates from Guantanamo Bay, Cuba, to Serbia.""}, {""role"": ""assistant"", ""content"": ""True""}]}"
"{""messages"": [{""role"": ""system"", ""content"": ""TruthKeeper is a fake news detector bot. Return answer of True or False.""}, {""role"": ""user"", ""content"": ""Hillary Clinton will participate in the three debates set by a debate commission. Donald Trump has complained that the commission scheduled several of the debates during NFL games.""}, {""role"": ""assistant"", ""content"": ""True""}]}"
"{""messages"": [{""role"": ""system"", ""content"": ""TruthKeeper is a fake news detector bot. Return answer of True or False.""}, {""role"": ""user"", ""content"": ""U.S. Senator Susan Collins of Maine said on Monday she will not vote for fellow Republican Donald Trump for president. \""This is not a decision I make lightly, for I am a lifelong Republican,\"" Collins said in an opinion piece in the Washington Post.""}, {""role"": ""assistant"", ""content"": ""True""}]}"
"{""messages"": [{""role"": ""system"", ""content"": ""TruthKeeper is a fake news detector bot. Return answer of True or False.""}, {""role"": ""user"", ""content"": ""Republican presidential hopeful Donald Trump will call for a top income tax rate of 33 percent, CNBC reported. CNBC said Larry Kudlow, a contributor at the cable outlet, made the remarks.""}, {""role"": ""assistant"", ""content"": ""True""}]}"
"{""messages"": [{""role"": ""system"", ""content"": ""TruthKeeper is a fake news detector bot. Return answer of True or False.""}, {""role"": ""user"", ""content"": ""Republican presidential candidate Donald Trump would impose a temporary moratorium on new federal regulations. Trumps proposals include measures to simplify taxes for everyone and dramatically reduce the income tax.""}, {""role"": ""assistant"", ""content"": ""True""}]}"
"{""messages"": [{""role"": ""system"", ""content"": ""TruthKeeper is a fake news detector bot. Return answer of True or False.""}, {""role"": ""user"", ""content"": ""GOP presidential nominee Donald Trump is expected to endorse House Speaker Paul Ryan. The endorsement was expected to come during a Trump campaign event in Green Bay, Wisconsin.""}, {""role"": ""assistant"", ""content"": ""True""}]}"
"{""messages"": [{""role"": ""system"", ""content"": ""TruthKeeper is a fake news detector bot. Return answer of True or False.""}, {""role"": ""user"", ""content"": ""President Barack Obama called on Congress to approve additional funding to combat the spread of the virus. Obama said that money to fight the outbreak is rapidly running out.""}, {""role"": ""assistant"", ""content"": ""True""}]}"
"{""messages"": [{""role"": ""system"", ""content"": ""TruthKeeper is a fake news detector bot. Return answer of True or False.""}, {""role"": ""user"", ""content"": ""Republican presidential candidate Donald Trumps campaign took in $80 million last month. $64 million was from donations that included matching donations from Trump, it said. Another roughly $16million was from 20 fundraisers cohosted with the Republican National Committee.""}, {""role"": ""assistant"", ""content"": ""True""}]}"
"{""messages"": [{""role"": ""system"", ""content"": ""TruthKeeper is a fake news detector bot. Return answer of True or False.""}, {""role"": ""user"", ""content"": ""U.S. Republican vice presidential candidate Mike Pence says he endorsed Paul Ryan. Ryan is seeking re-election in a primary contest next week. Donald Trump declined to endorse Ryan in the Wisconsin race.""}, {""role"": ""assistant"", ""content"": ""True""}]}"
"{""messages"": [{""role"": ""system"", ""content"": ""TruthKeeper is a fake news detector bot. Return answer of True or False.""}, {""role"": ""user"", ""content"": ""The campaign is in very good shape. We are organized. We're moving forward, Trump's campaign manager says.""}, {""role"": ""assistant"", ""content"": ""True""}]}"
"{""messages"": [{""role"": ""system"", ""content"": ""TruthKeeper is a fake news detector bot. Return answer of True or False.""}, {""role"": ""user"", ""content"": ""Chris Christie said criticisms of the family of Captain Humayan Khan were inappropriate. Khan was killed in Iraq in 2004. Christie endorsed Trump after ending his own White House bid.""}, {""role"": ""assistant"", ""content"": ""True""}]}"
"{""messages"": [{""role"": ""system"", ""content"": ""TruthKeeper is a fake news detector bot. Return answer of True or False.""}, {""role"": ""user"", ""content"": ""Donald Trump declines to endorse two fellow Republicans, U.S. House of Representatives Speaker Paul Ryan and Senator John McCain. Both Republicans criticized his remarks about the family of a slain Muslim U.s. Army captain.""}, {""role"": ""assistant"", ""content"": ""True""}]}"
"{""messages"": [{""role"": ""system"", ""content"": ""TruthKeeper is a fake news detector bot. Return answer of True or False.""}, {""role"": ""user"", ""content"": ""U.S. Republican presidential candidate Donald Trump shot back at President Barack Obamas criticism of him as unfit for office. Trump said Democratic rival Hillary Clinton has embraced policies that have hurt national security and Americas workers.""}, {""role"": ""assistant"", ""content"": ""True""}]}"
"{""messages"": [{""role"": ""system"", ""content"": ""TruthKeeper is a fake news detector bot. Return answer of True or False.""}, {""role"": ""user"", ""content"": ""Democratic Party communications director Luis Miranda is expected to leave the Democratic National Committee on Tuesday. Miranda's departure comes amid fallout from the partys email hacking scandal.""}, {""role"": ""assistant"", ""content"": ""True""}]}"
"{""messages"": [{""role"": ""system"", ""content"": ""TruthKeeper is a fake news detector bot. Return answer of True or False.""}, {""role"": ""user"", ""content"": ""John Hickenlooper, a former geologist, called the issue a tricky thing when asked why he thought Trump was wrong to support locals ability to ban fracking. Trump, during a campaign in Colorado, said that while he supports fracking, he also believes state and local governments should be able to ban.""}, {""role"": ""assistant"", ""content"": ""True""}]}"
"{""messages"": [{""role"": ""system"", ""content"": ""TruthKeeper is a fake news detector bot. Return answer of True or False.""}, {""role"": ""user"", ""content"": ""Sources: Donald Trump fires senior adviser Ed Brookover. Sources did not say why Brookover was fired. Brookover joined the Trump campaign in March.""}, {""role"": ""assistant"", ""content"": ""True""}]}"
"{""messages"": [{""role"": ""system"", ""content"": ""TruthKeeper is a fake news detector bot. Return answer of True or False.""}, {""role"": ""user"", ""content"": ""U.S. accusations that Moscow was behind a hack of Democratic National Committee computers are insulting and unworthy, the Foreign Ministry says. The ministry also said that Washington had not made the accusations through official channels.""}, {""role"": ""assistant"", ""content"": ""True""}]}"
"{""messages"": [{""role"": ""system"", ""content"": ""TruthKeeper is a fake news detector bot. Return answer of True or False.""}, {""role"": ""user"", ""content"": ""U.S. House of Representatives Speaker Paul Ryan responds to remarks by Donald Trump. Ryan: Muslim fallen Army Captain Humayun Khan made the ultimate sacrifice for his country.""}, {""role"": ""assistant"", ""content"": ""True""}]}"
"{""messages"": [{""role"": ""system"", ""content"": ""TruthKeeper is a fake news detector bot. Return answer of True or False.""}, {""role"": ""user"", ""content"": ""Hillary Clinton says she will attend the three debates set up ahead of the Nov. 8 U.S. presidential election. Clinton was responding to Republican presidential nominee Donald Trumps complaints that the debates schedule conflicts with televised NFL games.""}, {""role"": ""assistant"", ""content"": ""True""}]}"
"{""messages"": [{""role"": ""system"", ""content"": ""TruthKeeper is a fake news detector bot. Return answer of True or False.""}, {""role"": ""user"", ""content"": ""Mitch McConnell, a Republican, called Muslim fallen Army Captain Humayun Khan an American hero. He said that Republican presidential candidate Donald Trumps proposed ban on Muslims seeking to enter the country did not fit American values.""}, {""role"": ""assistant"", ""content"": ""True""}]}"
"{""messages"": [{""role"": ""system"", ""content"": ""TruthKeeper is a fake news detector bot. Return answer of True or False.""}, {""role"": ""user"", ""content"": ""Hillary Clinton's campaign says an analytics data program was accessed as part of a hack. But outside experts have found no evidence that its internal systems have been compromised.""}, {""role"": ""assistant"", ""content"": ""True""}]}"
"{""messages"": [{""role"": ""system"", ""content"": ""TruthKeeper is a fake news detector bot. Return answer of True or False.""}, {""role"": ""user"", ""content"": ""U.S. President Barack Obama wants Congress to approve the Trans-Pacific Partnership deal. Obama wants to help write the rules on global trade while keeping a competitive edge. \""The president absolutely believes this deal should pass this year,\"" spokesman says.""}, {""role"": ""assistant"", ""content"": ""True""}]}"
"{""messages"": [{""role"": ""system"", ""content"": ""TruthKeeper is a fake news detector bot. Return answer of True or False.""}, {""role"": ""user"", ""content"": ""The White House says partisanship plays no role in how the United States counters cyber threats. The FBI has not revealed any information about who was behind the hack of Democratic Party emails.""}, {""role"": ""assistant"", ""content"": ""True""}]}"
"{""messages"": [{""role"": ""system"", ""content"": ""TruthKeeper is a fake news detector bot. Return answer of True or False.""}, {""role"": ""user"", ""content"": ""WikiLeaks releases what it says are audio recordings pulled from the emails of the Democratic National Committee. The latest release is the second in a series that has deeply rattled the party and prompted the organizations chairwoman, Debbie Wasserman Schultz, to step down.""}, {""role"": ""assistant"", ""content"": ""True""}]}"
"{""messages"": [{""role"": ""system"", ""content"": ""TruthKeeper is a fake news detector bot. Return answer of True or False.""}, {""role"": ""user"", ""content"": ""The top Democrats on the U.S. Senate and House of Representatives intelligence committees called on Wednesday for the White House to consider declassifying and releasing any intelligence community assessments of the hack. Experts have attributed the breach to Russian hackers.""}, {""role"": ""assistant"", ""content"": ""True""}]}"
"{""messages"": [{""role"": ""system"", ""content"": ""TruthKeeper is a fake news detector bot. Return answer of True or False.""}, {""role"": ""user"", ""content"": ""Republican vice presidential candidate Mike Pence vows there would be serious consequences if the FBI determines Russia is behind recent hacking attempt. Indiana governor and Donald Trumps running mate said in a statement. Pences comments come as the FBI is investigating the release of sensitive Democratic Party emails.""}, {""role"": ""assistant"", ""content"": ""True""}]}"
"{""messages"": [{""role"": ""system"", ""content"": ""TruthKeeper is a fake news detector bot. Return answer of True or False.""}, {""role"": ""user"", ""content"": ""U.S. Secretary of State John Kerry said on Tuesday he raised the issue of the hacking of Democratic Party emails. Kerry also said he would encourage the Philippines to engage in bilateral negotiations with China. Kerry is due to travel to the Philippines later on Wednesday, after a two-day visit to Laos.""}, {""role"": ""assistant"", ""content"": ""True""}]}"
"{""messages"": [{""role"": ""system"", ""content"": ""TruthKeeper is a fake news detector bot. Return answer of True or False.""}, {""role"": ""user"", ""content"": ""Leaked emails suggested the partys leadership had worked to sabotage Sanders presidential campaign. DNC said the emails did not reflect the committees steadfast commitment to neutrality during the nominating process.""}, {""role"": ""assistant"", ""content"": ""True""}]}"
"{""messages"": [{""role"": ""system"", ""content"": ""TruthKeeper is a fake news detector bot. Return answer of True or False.""}, {""role"": ""user"", ""content"": ""Russian Foreign Minister Sergei Lavrov on Tuesday brushed aside accusations that Moscow was behind the hacking of Democratic Party emails. He was speaking at the start of talks with Secretary of State John Kerry on the sidelines of a meeting of Southeast Asian nations in Laos.""}, {""role"": ""assistant"", ""content"": ""True""}]}"
"{""messages"": [{""role"": ""system"", ""content"": ""TruthKeeper is a fake news detector bot. Return answer of True or False.""}, {""role"": ""user"", ""content"": ""Democratic National Committee Chairwoman Debbie Wasserman Schultz says she will not open convention. Wasserman Schultz: \""I am not going to gavel in the convention\""""}, {""role"": ""assistant"", ""content"": ""True""}]}"
"{""messages"": [{""role"": ""system"", ""content"": ""TruthKeeper is a fake news detector bot. Return answer of True or False.""}, {""role"": ""user"", ""content"": ""The White House will not speculate on who might be behind the hacking of the Democratic National Committee. The administration would let law enforcement take the lead on releasing findings about the cyber intrusion.""}, {""role"": ""assistant"", ""content"": ""True""}]}"
"{""messages"": [{""role"": ""system"", ""content"": ""TruthKeeper is a fake news detector bot. Return answer of True or False.""}, {""role"": ""user"", ""content"": ""The top Democrat on the U.S. House of Representatives Intelligence Committee said on Monday the panel had been briefed on the reported hack. If the hack is linked to Russian actors, it would not be the first time cyber intrusions linked to the Kremlin and its supporters have sought to influence the political process in other countries.""}, {""role"": ""assistant"", ""content"": ""True""}]}"
"{""messages"": [{""role"": ""system"", ""content"": ""TruthKeeper is a fake news detector bot. Return answer of True or False.""}, {""role"": ""user"", ""content"": ""Former New York City Mayor Michael Bloomberg plans to endorse Hillary Clinton. He plans to make the case for Clinton from the perspective of a business leader and an independent. Bloomberg has been sharply critical of Republican presidential nominee Donald Trump.""}, {""role"": ""assistant"", ""content"": ""True""}]}"
"{""messages"": [{""role"": ""system"", ""content"": ""TruthKeeper is a fake news detector bot. Return answer of True or False.""}, {""role"": ""user"", ""content"": ""Former Democratic presidential candidate Senator Bernie Sanders says he would have preferred to see Elizabeth Warren as vice presidential candidate. Sanders: \""Tim is a very, very smart guy. He is very nice guy\""""}, {""role"": ""assistant"", ""content"": ""True""}]}"
"{""messages"": [{""role"": ""system"", ""content"": ""TruthKeeper is a fake news detector bot. Return answer of True or False.""}, {""role"": ""user"", ""content"": ""Obama: Mexico is a critical partner to the United States on a host of issues. I am proud of what weve achieved together, Obama tells Mexican leader.""}, {""role"": ""assistant"", ""content"": ""True""}]}"
"{""messages"": [{""role"": ""system"", ""content"": ""TruthKeeper is a fake news detector bot. Return answer of True or False.""}, {""role"": ""user"", ""content"": ""U.S. President Barack Obama said globalization is a fact that were not going to be able to build a wall around. Obama said it was important to work to shape the process so that it benefits not just big companies but small firms as well.""}, {""role"": ""assistant"", ""content"": ""True""}]}"
"{""messages"": [{""role"": ""system"", ""content"": ""TruthKeeper is a fake news detector bot. Return answer of True or False.""}, {""role"": ""user"", ""content"": ""Mexican President Enrique Pena Nieto says he respects both of the leading candidates to be the next U.S. president. He says he will seek a frank and open dialogue with the eventual winner.""}, {""role"": ""assistant"", ""content"": ""True""}]}"
"{""messages"": [{""role"": ""system"", ""content"": ""TruthKeeper is a fake news detector bot. Return answer of True or False.""}, {""role"": ""user"", ""content"": ""U.S. Secretary of State John Kerry says the Obama administration remains committed to NATO. He was responding to comments by Republican presidential nominee Donald Trump. Trump said if elected he might abandon NATOs guarantee that any member would defend the others if they were attacked.""}, {""role"": ""assistant"", ""content"": ""True""}]}"
"{""messages"": [{""role"": ""system"", ""content"": ""TruthKeeper is a fake news detector bot. Return answer of True or False.""}, {""role"": ""user"", ""content"": ""The U.S. has an ironclad commitment to mutual defense among the NATO allies, the White House says. Republican presidential nominee Donald Trump raised questions about whether he would defend NATO allies if they were attacked.""}, {""role"": ""assistant"", ""content"": ""True""}]}"
"{""messages"": [{""role"": ""system"", ""content"": ""TruthKeeper is a fake news detector bot. Return answer of True or False.""}, {""role"": ""user"", ""content"": ""Jens Stoltenberg said solidarity among allies was a key value for the group. This is good for European security and good for U.S. security, he said.""}, {""role"": ""assistant"", ""content"": ""True""}]}"
"{""messages"": [{""role"": ""system"", ""content"": ""TruthKeeper is a fake news detector bot. Return answer of True or False.""}, {""role"": ""user"", ""content"": ""Heidi Cruz was escorted off the convention floor for her own safety. Delegates booed her husbands refusal to endorse Donald Trump in his speech to delegates.""}, {""role"": ""assistant"", ""content"": ""True""}]}"
"{""messages"": [{""role"": ""system"", ""content"": ""TruthKeeper is a fake news detector bot. Return answer of True or False.""}, {""role"": ""user"", ""content"": ""A staff writer of the Trump Organization has claimed responsibility for inserting passages in a speech given by Melania Trump. The woman, Meredith McIver, released a statement on Wednesday apologizing for using the language. She said Melania Trump recited the speech to her in a phone call.""}, {""role"": ""assistant"", ""content"": ""True""}]}"
"{""messages"": [{""role"": ""system"", ""content"": ""TruthKeeper is a fake news detector bot. Return answer of True or False.""}, {""role"": ""user"", ""content"": ""Efforts by some delegates to block the Republican National Convention from nominating Donald Trump appear finished, U.S. Senator Mike Lee says. I dont see any way around it, the Utah lawmaker said as the Republican convention prepared to formally make Trump the nominee.""}, {""role"": ""assistant"", ""content"": ""True""}]}"
"{""messages"": [{""role"": ""system"", ""content"": ""TruthKeeper is a fake news detector bot. Return answer of True or False.""}, {""role"": ""user"", ""content"": ""A joint project of Boeing Co and Textron Inc unit Bell Helicopter is being awarded a $545 million modification. The modification provides for the manufacture of four MV-22 tilt rotor aircraft for the government of Japan.""}, {""role"": ""assistant"", ""content"": ""True""}]}"
"{""messages"": [{""role"": ""system"", ""content"": ""TruthKeeper is a fake news detector bot. Return answer of True or False.""}, {""role"": ""user"", ""content"": ""The U.S. has filed a lawsuit against DynCorp International Inc. The suit alleges that DynCorp submitted inflated claims in connection with a contract to train Iraqi police forces.""}, {""role"": ""assistant"", ""content"": ""True""}]}"
"{""messages"": [{""role"": ""system"", ""content"": ""TruthKeeper is a fake news detector bot. Return answer of True or False.""}, {""role"": ""user"", ""content"": ""No shots fired on any of our police transport vehicles right now, officials say. Earlier, a Reuters reporter heard radio traffic stating that shots had been fired. Officers on the street said shots were fired at a police transport.""}, {""role"": ""assistant"", ""content"": ""True""}]}"
"{""messages"": [{""role"": ""system"", ""content"": ""TruthKeeper is a fake news detector bot. Return answer of True or False.""}, {""role"": ""user"", ""content"": ""Anti-Trump forces at the Cleveland convention started shouting Roll Call. Party leaders declared there was insufficient support to allow for a roll-call vote. Some delegates walked out of the convention in protest.""}, {""role"": ""assistant"", ""content"": ""True""}]}"
"{""messages"": [{""role"": ""system"", ""content"": ""TruthKeeper is a fake news detector bot. Return answer of True or False.""}, {""role"": ""user"", ""content"": ""U.S. Attorney General Loretta Lynch strongly condemned the weekend slaying of three Louisiana police officers. Lynch said federal authorities were working to help restore public trust in police following a series of violent incidents.""}, {""role"": ""assistant"", ""content"": ""True""}]}"
"{""messages"": [{""role"": ""system"", ""content"": ""TruthKeeper is a fake news detector bot. Return answer of True or False.""}, {""role"": ""user"", ""content"": ""Head of Cleveland police union urges Ohios governor to declare a state of emergency. Steve Loomis says leadership needs to stand up and defend these police officers. The four-day convention is due to begin on Monday.""}, {""role"": ""assistant"", ""content"": ""True""}]}"
"{""messages"": [{""role"": ""system"", ""content"": ""TruthKeeper is a fake news detector bot. Return answer of True or False.""}, {""role"": ""user"", ""content"": ""Ohio Governor John Kasich lacks the power to suspend a state law allowing citizens to openly carry guns. Police union official called for a suspension ahead of the Republican National Convention in Cleveland.""}, {""role"": ""assistant"", ""content"": ""True""}]}"
"{""messages"": [{""role"": ""system"", ""content"": ""TruthKeeper is a fake news detector bot. Return answer of True or False.""}, {""role"": ""user"", ""content"": ""Republican Donald Trump responds to killing of three police officers in Louisiana. Trump renews his call for greater leadership and law and order.""}, {""role"": ""assistant"", ""content"": ""True""}]}"
"{""messages"": [{""role"": ""system"", ""content"": ""TruthKeeper is a fake news detector bot. Return answer of True or False.""}, {""role"": ""user"", ""content"": ""Trump also expressed concern for the coup attempt in Turkey on Friday. Trump was introducing his running mate, Indiana Governor Mike Pence.""}, {""role"": ""assistant"", ""content"": ""True""}]}"
"{""messages"": [{""role"": ""system"", ""content"": ""TruthKeeper is a fake news detector bot. Return answer of True or False.""}, {""role"": ""user"", ""content"": ""Since 2002, the 9/11 Commission and several government agencies have investigated the contents of the 28 Pages. They have confirmed that neither the Saudi government, nor senior Saudi officials, nor any person acting on behalf of Saudi government provided any support or encouragement for these attacks.""}, {""role"": ""assistant"", ""content"": ""True""}]}"
"{""messages"": [{""role"": ""system"", ""content"": ""TruthKeeper is a fake news detector bot. Return answer of True or False.""}, {""role"": ""user"", ""content"": ""The matter is now finished, Saudi Foreign Minister Adel al-Jubeir says. The 28 pages of the report on the 2002 investigation focus on potential Saudi links to the 2001 aircraft attacks on the United States.""}, {""role"": ""assistant"", ""content"": ""True""}]}"
"{""messages"": [{""role"": ""system"", ""content"": ""TruthKeeper is a fake news detector bot. Return answer of True or False.""}, {""role"": ""user"", ""content"": ""U.S. House of Representatives Speaker Paul Ryan welcomed Republican presidential candidate Donald Trumps choice of Mike Pence as a running mate. Ryan: I can think of no better choice for our vice-presidential candidate.""}, {""role"": ""assistant"", ""content"": ""True""}]}"
"{""messages"": [{""role"": ""system"", ""content"": ""TruthKeeper is a fake news detector bot. Return answer of True or False.""}, {""role"": ""user"", ""content"": ""The U.S. budget deficit is projected to rise to $600 billion in 2016, $16 billion less than previously expected. The 2016 deficit is now projected to be 3.3 percent of Gross Domestic Product (GDP)""}, {""role"": ""assistant"", ""content"": ""True""}]}"
"{""messages"": [{""role"": ""system"", ""content"": ""TruthKeeper is a fake news detector bot. Return answer of True or False.""}, {""role"": ""user"", ""content"": ""Donald Trump postpones a news conference scheduled for Friday in New York. Trump advisers have told Republican officials he has picked Indiana Governor Mike Pence as his vice presidential running mate.""}, {""role"": ""assistant"", ""content"": ""True""}]}"
"{""messages"": [{""role"": ""system"", ""content"": ""TruthKeeper is a fake news detector bot. Return answer of True or False.""}, {""role"": ""user"", ""content"": ""The U.S. is not coordinating its military operations in Syria with Russia, the White House says. At present, the United States is not conducting or coordinating military operations.""}, {""role"": ""assistant"", ""content"": ""True""}]}"
"{""messages"": [{""role"": ""system"", ""content"": ""TruthKeeper is a fake news detector bot. Return answer of True or False.""}, {""role"": ""user"", ""content"": ""Donald Trump tweeted that he would announce his vice presidential pick on Friday. The announcement will take place at 11 a.m. (1500 GMT) in Manhattan.""}, {""role"": ""assistant"", ""content"": ""True""}]}"
"{""messages"": [{""role"": ""system"", ""content"": ""TruthKeeper is a fake news detector bot. Return answer of True or False.""}, {""role"": ""user"", ""content"": ""Bayh served two terms in the Senate before announcing his retirement in 2010. The Democratic Party needs a net gain of four Senate seats to take control of the 100-member chamber. Bayh has maintained a campaign account with more than $9.2 million cash on hand.""}, {""role"": ""assistant"", ""content"": ""True""}]}"
"{""messages"": [{""role"": ""system"", ""content"": ""TruthKeeper is a fake news detector bot. Return answer of True or False.""}, {""role"": ""user"", ""content"": ""Donald Trump is expected to announce his choice for running mate on Friday. Among the possible picks are former U.S. House of Representatives Speaker Newt Gingrich. Indiana Governor Mike Pence, New Jersey Governor Chris Christie and retired Lieutenant General Michael Flynn also possible picks.""}, {""role"": ""assistant"", ""content"": ""True""}]}"
"{""messages"": [{""role"": ""system"", ""content"": ""TruthKeeper is a fake news detector bot. Return answer of True or False.""}, {""role"": ""user"", ""content"": ""Republican presidential candidate Donald Trump said he expects to select a running mate in the next three to four days. Trump told the Post in an interview that he had five people under consideration, including retired Lt. General Michael Flynn.""}, {""role"": ""assistant"", ""content"": ""True""}]}"
"{""messages"": [{""role"": ""system"", ""content"": ""TruthKeeper is a fake news detector bot. Return answer of True or False.""}, {""role"": ""user"", ""content"": ""U.S. House of Representatives Speaker Paul Ryan will address the Republican National Convention this month. Ryan will deliver a 10-minute speech that focuses on the sharp contrast between Republican ideas and four more years of Obama-like progressive policies.""}, {""role"": ""assistant"", ""content"": ""True""}]}"
"{""messages"": [{""role"": ""system"", ""content"": ""TruthKeeper is a fake news detector bot. Return answer of True or False.""}, {""role"": ""user"", ""content"": ""Cecilia Malmstrom says populism in Europe, the U.S. and elsewhere is a dangerous thing. If populist politicians come to power it would be a recipe for isolation and failure, she says.""}, {""role"": ""assistant"", ""content"": ""True""}]}"
"{""messages"": [{""role"": ""system"", ""content"": ""TruthKeeper is a fake news detector bot. Return answer of True or False.""}, {""role"": ""user"", ""content"": ""Pennsylvania lawmakers passed the $31.6 billion spending plan on Thursday. The state will still not have a complete revenue plan to pay for the increased spending.""}, {""role"": ""assistant"", ""content"": ""True""}]}"
"{""messages"": [{""role"": ""system"", ""content"": ""TruthKeeper is a fake news detector bot. Return answer of True or False.""}, {""role"": ""user"", ""content"": ""Obama says U.S. government has to improve its cyber security practices. Concerns raised about security of government information. FBI said Hillary Clinton's email servers may have been accessed by foreign actors.""}, {""role"": ""assistant"", ""content"": ""True""}]}"
"{""messages"": [{""role"": ""system"", ""content"": ""TruthKeeper is a fake news detector bot. Return answer of True or False.""}, {""role"": ""user"", ""content"": ""Obama: Gun in the car contributed to the shooting of a black Minnesota man last week. \""We cant just ignore that and pretend that thats somehow political,\"" Obama says.""}, {""role"": ""assistant"", ""content"": ""True""}]}"
"{""messages"": [{""role"": ""system"", ""content"": ""TruthKeeper is a fake news detector bot. Return answer of True or False.""}, {""role"": ""user"", ""content"": ""U.S. Representative Corrine Brown and her chief of staff were indicted on Friday. Indictment says they were involved in a scheme involving a fraudulent education charity.""}, {""role"": ""assistant"", ""content"": ""True""}]}"
"{""messages"": [{""role"": ""system"", ""content"": ""TruthKeeper is a fake news detector bot. Return answer of True or False.""}, {""role"": ""user"", ""content"": ""U.S. President Barack Obama said he was confident that Britain and the European Union would be able to agree an orderly transition to a new relationship. Obama urged NATO to unite following Britains June 23 vote to leave the EU.""}, {""role"": ""assistant"", ""content"": ""True""}]}"
"{""messages"": [{""role"": ""system"", ""content"": ""TruthKeeper is a fake news detector bot. Return answer of True or False.""}, {""role"": ""user"", ""content"": ""Obama will speak with European leaders about the Syrian refugee crisis, Russia and Ukraine. Obama and Russian President Vladimir Putin did not reach any agreement for new cooperation in Syria during a phone call.""}, {""role"": ""assistant"", ""content"": ""True""}]}"
"{""messages"": [{""role"": ""system"", ""content"": ""TruthKeeper is a fake news detector bot. Return answer of True or False.""}, {""role"": ""user"", ""content"": ""U.S. House of Representatives Speaker Paul Ryan said all options were being considered over the possible discipline of House Democrats. Democrats already rejected a Republican gun bill and warning of further protests.""}, {""role"": ""assistant"", ""content"": ""True""}]}"
"{""messages"": [{""role"": ""system"", ""content"": ""TruthKeeper is a fake news detector bot. Return answer of True or False.""}, {""role"": ""user"", ""content"": ""FBI Director James Comey says Hillary Clinton did not lie to the FBI about her handling of emails as secretary of state. Comey told a Republican-led oversight panel in the U.S. House of Representatives that no reasonable prosecutor would charge Clinton.""}, {""role"": ""assistant"", ""content"": ""True""}]}"
"{""messages"": [{""role"": ""system"", ""content"": ""TruthKeeper is a fake news detector bot. Return answer of True or False.""}, {""role"": ""user"", ""content"": ""Bernie Sanders could endorse Hillary Clinton next week, ABC News reports. Sources close to the Sanders campaign say the two campaigns are discussing the matter. Sanders said last month he would vote for the former secretary of state.""}, {""role"": ""assistant"", ""content"": ""True""}]}"
"{""messages"": [{""role"": ""system"", ""content"": ""TruthKeeper is a fake news detector bot. Return answer of True or False.""}, {""role"": ""user"", ""content"": ""U.S. House Armed Services Committee chairman says White House must submit supplemental funding request immediately. Senator John McCain says he welcomed Obamas decision. McCain says it is difficult to discern any strategic rationale for withdrawing 1,400 U.s. troops by the end of the year.""}, {""role"": ""assistant"", ""content"": ""True""}]}"
"{""messages"": [{""role"": ""system"", ""content"": ""TruthKeeper is a fake news detector bot. Return answer of True or False.""}, {""role"": ""user"", ""content"": ""U.S. Attorney General Loretta Lynch will testify before the House Judiciary Committee on July 12. The panel is also expected to question Lynch on the attacks in Orlando, Florida, and San Bernardino, California.""}, {""role"": ""assistant"", ""content"": ""True""}]}"
"{""messages"": [{""role"": ""system"", ""content"": ""TruthKeeper is a fake news detector bot. Return answer of True or False.""}, {""role"": ""user"", ""content"": ""FBI Director James Comey is set to testify before the U.S. House Oversight Committee on Thursday. The panel said the hearing is scheduled for 10 a.m.""}, {""role"": ""assistant"", ""content"": ""True""}]}"
"{""messages"": [{""role"": ""system"", ""content"": ""TruthKeeper is a fake news detector bot. Return answer of True or False.""}, {""role"": ""user"", ""content"": ""U.S. State Department says it disagrees with FBI Director James Comeys assessment that the department as a whole has a lax attitude toward security compared to other government agencies. His comments came after Comey announced some of the results of the FBIs yearlong investigation into former Secretary of State Hillary Clinton.""}, {""role"": ""assistant"", ""content"": ""True""}]}"
"{""messages"": [{""role"": ""system"", ""content"": ""TruthKeeper is a fake news detector bot. Return answer of True or False.""}, {""role"": ""user"", ""content"": ""Obama and Clinton are traveling together on Air Force One to North Carolina on Tuesday for their first joint campaign rally for the 2016 election. The president all along has believed that it is important for the Department of Justice to conduct their investigation free from any sort of perceived influence of the White House.""}, {""role"": ""assistant"", ""content"": ""True""}]}"
"{""messages"": [{""role"": ""system"", ""content"": ""TruthKeeper is a fake news detector bot. Return answer of True or False.""}, {""role"": ""user"", ""content"": ""U.S. House of Representatives Speaker Paul Ryan attacked the decision by FBI Director James Comey to not recommend charges against Hillary Clinton. Declining to prosecute Clinton for recklesslymishandling and transmitting national security informationwillset a terrible precedent, Ryan said.""}, {""role"": ""assistant"", ""content"": ""True""}]}"
"{""messages"": [{""role"": ""system"", ""content"": ""TruthKeeper is a fake news detector bot. Return answer of True or False.""}, {""role"": ""user"", ""content"": ""House Majority Leader Kevin McCarthy said he was still troubled by Hillary Clintons use of a personal email server when she was secretary of state. McCarthy, the No. 2 House Republican, said there was no way to know whether Clintons email server was ever successfully hacked.""}, {""role"": ""assistant"", ""content"": ""True""}]}"
"{""messages"": [{""role"": ""system"", ""content"": ""TruthKeeper is a fake news detector bot. Return answer of True or False.""}, {""role"": ""user"", ""content"": ""Republican presidential candidate Donald Trump attacked the decision by FBI Director James Comey to not recommend charges against Democrat Hillary Clinton. Trump said the system is rigged.""}, {""role"": ""assistant"", ""content"": ""True""}]}"
"{""messages"": [{""role"": ""system"", ""content"": ""TruthKeeper is a fake news detector bot. Return answer of True or False.""}, {""role"": ""user"", ""content"": ""Draft platform calls for reviews of trade deals, wider health coverage through public programs. Document still must be formally adopted at the Democratic National Convention.""}, {""role"": ""assistant"", ""content"": ""True""}]}"
"{""messages"": [{""role"": ""system"", ""content"": ""TruthKeeper is a fake news detector bot. Return answer of True or False.""}, {""role"": ""user"", ""content"": ""More than $40.5 million was brought in for her own election warchest. An additional $28 million was raised for the Democratic National Committee and state parties.""}, {""role"": ""assistant"", ""content"": ""True""}]}"
"{""messages"": [{""role"": ""system"", ""content"": ""TruthKeeper is a fake news detector bot. Return answer of True or False.""}, {""role"": ""user"", ""content"": ""The drone campaign has come under criticism by human rights groups. The strikes in Pakistan, Yemen, Somalia and Libya have caused civilian casualties.""}, {""role"": ""assistant"", ""content"": ""True""}]}"
"{""messages"": [{""role"": ""system"", ""content"": ""TruthKeeper is a fake news detector bot. Return answer of True or False.""}, {""role"": ""user"", ""content"": ""Obama and the White House were not at all involved in the decision announced by Attorney General Loretta Lynch on Friday that she would accept the Justice Departments findings on the investigation.""}, {""role"": ""assistant"", ""content"": ""True""}]}"
"{""messages"": [{""role"": ""system"", ""content"": ""TruthKeeper is a fake news detector bot. Return answer of True or False.""}, {""role"": ""user"", ""content"": ""U.S. Attorney General Loretta Lynch says she understands how her meeting with former president Bill Clinton casts a shadow over the perception of independence in the investigation. Bill Clinton met with Lynch on her plane in Phoenix on Monday night.""}, {""role"": ""assistant"", ""content"": ""True""}]}"
"{""messages"": [{""role"": ""system"", ""content"": ""TruthKeeper is a fake news detector bot. Return answer of True or False.""}, {""role"": ""user"", ""content"": ""Governor Alejandro Garcia Padilla issued an executive order authorizing the suspension of payment on approximately $800 million worth of constitutionally-guaranteed general obligation bonds. The suspension follows U.S. President Barack Obamas signing into law earlier on Thursday of a plan that gives a federal oversight board authority.""}, {""role"": ""assistant"", ""content"": ""True""}]}"
"{""messages"": [{""role"": ""system"", ""content"": ""TruthKeeper is a fake news detector bot. Return answer of True or False.""}, {""role"": ""user"", ""content"": ""Obama will sign the bill in the Oval Office on Thursday at 4 p.m. ET, the White House says. Puerto Rico has $70 billion in debt.""}, {""role"": ""assistant"", ""content"": ""True""}]}"
"{""messages"": [{""role"": ""system"", ""content"": ""TruthKeeper is a fake news detector bot. Return answer of True or False.""}, {""role"": ""user"", ""content"": ""The rule of law is paramount, White House spokesman Josh Earnest said. The U.S. Justice Departments investigation into Hillary Clintons email use is being driven by facts, he said.""}, {""role"": ""assistant"", ""content"": ""True""}]}"
"{""messages"": [{""role"": ""system"", ""content"": ""TruthKeeper is a fake news detector bot. Return answer of True or False.""}, {""role"": ""user"", ""content"": ""U.S. President Barack Obama says he is confident Europeans will come up with a prudent plan to move forward after Britains vote last week to leave the EU. \""I am confident that the process can be managed in a prudent, orderly way,\"" Obama said.""}, {""role"": ""assistant"", ""content"": ""True""}]}"
"{""messages"": [{""role"": ""system"", ""content"": ""TruthKeeper is a fake news detector bot. Return answer of True or False.""}, {""role"": ""user"", ""content"": ""The bill cleared a critical procedural hurdle in the Senate on Wednesday. Supporters want to send it to President Barack Obama to sign into law by Friday. Puerto Rico faces a potential default on a chunk of its debt if it cannot make a $1.9 billion payment.""}, {""role"": ""assistant"", ""content"": ""True""}]}"
"{""messages"": [{""role"": ""system"", ""content"": ""TruthKeeper is a fake news detector bot. Return answer of True or False.""}, {""role"": ""user"", ""content"": ""U.S. Secretary of Defense Ash Carter, Deputy Secretary of State Antony Blinken, Joint Chiefs of Staff Chairman Joseph Dunford and Nicholas Rasmussen will hold a classified briefing. The briefing will take place one day after three suspected Islamic State suicide bombers opened fire and blew themselves up in Istanbuls main airport.""}, {""role"": ""assistant"", ""content"": ""True""}]}"
"{""messages"": [{""role"": ""system"", ""content"": ""TruthKeeper is a fake news detector bot. Return answer of True or False.""}, {""role"": ""user"", ""content"": ""U.S. Senate Republican leader Mitch McConnell spoke as lawmakers prepared to vote on a bill to address Puerto Ricos financial crisis. Failure to pass the legislation by Friday could lead to a taxpayer funded bailout, he said.""}, {""role"": ""assistant"", ""content"": ""True""}]}"
"{""messages"": [{""role"": ""system"", ""content"": ""TruthKeeper is a fake news detector bot. Return answer of True or False.""}, {""role"": ""user"", ""content"": ""U.S. Attorney General Loretta Lynch says fighting economic espionage is a priority for the Department of Justice. \""We take these matters very seriously... It is a matter of priority for us,\"" she said.""}, {""role"": ""assistant"", ""content"": ""True""}]}"
"{""messages"": [{""role"": ""system"", ""content"": ""TruthKeeper is a fake news detector bot. Return answer of True or False.""}, {""role"": ""user"", ""content"": ""Without action by Congress to help Puerto Rico deal with its debt, the need for a bailout will become more likely, the White House says. Spokesman Josh Earnest made the comment at a regular White House briefing.""}, {""role"": ""assistant"", ""content"": ""True""}]}"
"{""messages"": [{""role"": ""system"", ""content"": ""TruthKeeper is a fake news detector bot. Return answer of True or False.""}, {""role"": ""user"", ""content"": ""Senate Democratic leader Harry Reid said on Tuesday that he will support a bill to address Puerto Ricos financial crisis. Reid could not say how many other Democrats are for the legislation.""}, {""role"": ""assistant"", ""content"": ""True""}]}"
"{""messages"": [{""role"": ""system"", ""content"": ""TruthKeeper is a fake news detector bot. Return answer of True or False.""}, {""role"": ""user"", ""content"": ""Democratic U.S. Senator Ron Wyden says he will vote for a crucial Puerto Rico debt restructuring bill. Wyden: \""I am not going to let the adequate be the enemy of the barely sufficient\""""}, {""role"": ""assistant"", ""content"": ""True""}]}"
"{""messages"": [{""role"": ""system"", ""content"": ""TruthKeeper is a fake news detector bot. Return answer of True or False.""}, {""role"": ""user"", ""content"": ""Presumptive Democratic presidential nominee Hillary Clinton lays out a technology and innovation agenda. Clinton strongly supports the Obama administrations net neutrality rules. She will increase research and development budgets of the National Science Foundation.""}, {""role"": ""assistant"", ""content"": ""True""}]}"
"{""messages"": [{""role"": ""system"", ""content"": ""TruthKeeper is a fake news detector bot. Return answer of True or False.""}, {""role"": ""user"", ""content"": ""White House spokesman Josh Earnest chides Republicans for failing to push forward with the presidents request. Senate Democrats earlier on Tuesday blocked a Republican funding proposal that they said was inadequate.""}, {""role"": ""assistant"", ""content"": ""True""}]}"
"{""messages"": [{""role"": ""system"", ""content"": ""TruthKeeper is a fake news detector bot. Return answer of True or False.""}, {""role"": ""user"", ""content"": ""The White House blasts Republicans for using a panel to investigate the 2012 attack in Benghazi. This is a political exercise, White House spokesman Josh Earnest said.""}, {""role"": ""assistant"", ""content"": ""True""}]}"
"{""messages"": [{""role"": ""system"", ""content"": ""TruthKeeper is a fake news detector bot. Return answer of True or False.""}, {""role"": ""user"", ""content"": ""The proposal to provide $1.1 billion in funding got 52 votes, well short of the 60 votes needed in the Senate to clear a procedural hurdle. It was unclear when Congress would revisit the issue.""}, {""role"": ""assistant"", ""content"": ""True""}]}"
"{""messages"": [{""role"": ""system"", ""content"": ""TruthKeeper is a fake news detector bot. Return answer of True or False.""}, {""role"": ""user"", ""content"": ""President Barack Obama says he is pleased with a U.S. Supreme Court ruling that struck down a Texas abortion law. Obama: These restrictions harm womens health and place an unconstitutional obstacle.""}, {""role"": ""assistant"", ""content"": ""True""}]}"
"{""messages"": [{""role"": ""system"", ""content"": ""TruthKeeper is a fake news detector bot. Return answer of True or False.""}, {""role"": ""user"", ""content"": ""Hillary Clinton praised the Supreme Court ruling striking down Texas abortion restrictions as a victory for women. Women wont be punished for exercising their basic rights, she said in a tweet.""}, {""role"": ""assistant"", ""content"": ""True""}]}"
"{""messages"": [{""role"": ""system"", ""content"": ""TruthKeeper is a fake news detector bot. Return answer of True or False.""}, {""role"": ""user"", ""content"": ""    \""I'm sorry I didn't get a chance to meet you. I'm so sorry I missed your birthday. I love you so much. Thank you for all the love and support I've received over the years.""}, {""role"": ""assistant"", ""content"": ""True""}]}"
"{""messages"": [{""role"": ""system"", ""content"": ""TruthKeeper is a fake news detector bot. Return answer of True or False.""}, {""role"": ""user"", ""content"": ""U.S. President Barack Obama says he has spoken with British Prime Minister David Cameron. Obama said he was confident the United Kingdom was committed to an orderly transition.""}, {""role"": ""assistant"", ""content"": ""True""}]}"
"{""messages"": [{""role"": ""system"", ""content"": ""TruthKeeper is a fake news detector bot. Return answer of True or False.""}, {""role"": ""user"", ""content"": ""U.S. Secretary of Defense Ash Carter spoke with his counterpart by phone after Britain voted to leave the European Union. Pentagon spokesman Peter Cook said the United States was confident that Britain would remain a strong ally in NATO.""}, {""role"": ""assistant"", ""content"": ""True""}]}"
"{""messages"": [{""role"": ""system"", ""content"": ""TruthKeeper is a fake news detector bot. Return answer of True or False.""}, {""role"": ""user"", ""content"": ""The economic and strategic rationale for T-TIP remains strong, U.S. Trade Representative Michael Froman says. The Transatlantic Trade and Investment Partnership is being negotiated by Washington and the EU. Froman: We are evaluating the impact of the United Kingdoms decision.""}, {""role"": ""assistant"", ""content"": ""True""}]}"
"{""messages"": [{""role"": ""system"", ""content"": ""TruthKeeper is a fake news detector bot. Return answer of True or False.""}, {""role"": ""user"", ""content"": ""The partnership between the United States and the United Kingdom on counterterrorism and other national security issues remains strong. The United States cooperation with Britain on security issues will remain strong.""}, {""role"": ""assistant"", ""content"": ""True""}]}"
"{""messages"": [{""role"": ""system"", ""content"": ""TruthKeeper is a fake news detector bot. Return answer of True or False.""}, {""role"": ""user"", ""content"": ""Democratic presidential candidate Hillary Clinton said on Friday said she respected the United Kingdoms vote on leaving the European Union. Clinton said she was committed to maintaining Americas relationships with both Britain and Europe.""}, {""role"": ""assistant"", ""content"": ""True""}]}"
"{""messages"": [{""role"": ""system"", ""content"": ""TruthKeeper is a fake news detector bot. Return answer of True or False.""}, {""role"": ""user"", ""content"": ""U.S. President Barack Obama said on Friday he respected Britains vote to leave the European Union. Obama said the United States relationship with Britain would endure.""}, {""role"": ""assistant"", ""content"": ""True""}]}"
"{""messages"": [{""role"": ""system"", ""content"": ""TruthKeeper is a fake news detector bot. Return answer of True or False.""}, {""role"": ""user"", ""content"": ""The U.S. will work closely and carefully with Britain and the European Union to ensure a smooth transition after Britain voted to leave the EU. Deputy Secretary of State Antony Blinken says it will not affect the special relationship with Britain.""}, {""role"": ""assistant"", ""content"": ""True""}]}"
